3311841b-d532-4545-8646-63ad0d54eb08	Aaron Ciammaglichella
9539f972-40e6-4096-8d0b-9bcd5521676a	Aaron Malouda
8b2cf979-d887-43d7-80a7-dca7cd0b0f06	Aaron Rowe
12070a66-90af-4db7-afac-7c168a7f5361	Aaron Seydel
1e0c2a82-cf01-4bb0-8a68-3edd2d8d26fb	Aaron Zehnter
a2b4f674-2a4d-4ad7-aa2d-5a192c5d2137	Aarón Escandell
fd3938bf-37e8-4dd4-8b9f-07183f52d9d2	Abass Issah
830ce5e2-9202-448b-bfe0-71ea1daa0484	Abdallah N'dour
15c29e42-625c-4f0e-87ab-907a89f49003	Abdallahi Mahmoud
08bead5a-2812-4cfd-a235-2fdeb5adc607	Abdel Jalil Medioub
a6316e2d-dae0-4802-b8d4-288427882716	Abdelhamid El Kaoutari
e41422a0-1fdf-445f-92d5-fb550ddea291	Abdellah Baallal
8bc24089-864a-4d4e-b55f-c71cbf158acb	Abdellah Raihani
051a3be2-157d-4e61-b4ee-577b1092879d	Abdou Lahat Diakhate
75a3ef39-e7b3-4ab3-8ac0-a85080622bab	Abdoul Coulibaly
65a56f73-6915-4b34-a18e-66e2540600ee	Abdoul Ouattara
35dd65aa-9cdd-4f9c-9ca7-bd2300cf128e	Abdoulaye Bakayoko
9d291330-2916-497f-87fe-cc38f358e5eb	Abdoulaye Camara
af47d8b7-b92c-4e37-8b12-48f4ac711f05	Abdoulaye Keita
50a0a05e-1308-4e3e-a04c-d2204ad23bca	Abdoulaye Keita
bbeaf362-4a08-4d01-8d6c-111ae83f552f	Abdoulaye Sidibé
f0722041-40ca-420a-be3b-20949c644ab1	Abdoulaye Sylla
6bcfcbfd-e1e4-4ba7-867f-dfd7090bf245	Abdu Conté
6d6812f1-d1f1-4a15-9c20-fe355410f5d8	Abdul Mumin
15fd3d68-4228-4572-b915-468a0e600ead	Abdón Prats
d7945ab8-2380-4997-b204-bc0793ac303a	Abel Bretones
35d70d91-62a0-4130-a82b-0fcea7894f8a	Abou Lô
d020b77e-3e6a-40ee-a78f-48a16e257ef2	Abou Ouattara
4f5b8cfa-07f1-4c41-bbed-1a3c1f18f983	Aboubacar Ali
6cd910ba-8801-4ecd-aeb7-35174d704d04	Aboubacar Bassinga
01c55514-0de3-48a9-bf1a-b897bbc953c2	Aboubakar Sidibé
483b6df8-1e9f-4626-9ca0-29fec2c5bd89	Abu Kamara
5d1310df-314a-4f79-96f6-025921a52c33	Accursio Bentivegna
cda88618-1812-41f1-a5b7-81ce359f861d	Achraf Dari
f62e3ef3-2e6e-4e33-beac-660278b1fc59	Adam Aznou
a6a3953b-b038-46e4-aa71-dd0dac58f40a	Adam Kölle
53d473a7-e717-4659-a99f-237eb500fec0	Adama Boiro
690780f3-79e1-4ec0-8554-0f4cc4c458b3	Adama Bojang
a8699847-0ee1-47e7-b153-0c8fad390291	Adama Camara
7f3feda6-2f34-42be-acef-ce0a0f62cc91	Aderlan Santos
65ad3e9e-9035-4e1f-8407-349d70a75260	Adil Hamdani
1faf16d1-9ef0-4076-8e10-82f701ab42b3	Adil Taoui
1407d6ab-a7d1-4ca4-bc86-80564b78c2c8	Adri Bosch
9a9f230f-939d-4eef-84c1-95bb88ee47c7	Adri Embarba
2693d495-7f01-48fd-98e0-ce2a9afcf8e6	Adrian Baquerin
b4fb97ec-ef99-4abb-83dc-43407cfb2f9a	Adrian Beck
94a1c193-6a11-4e0e-b402-c9545e8079a2	Adrian Lickūnas
eb9d400c-c204-40a1-91e5-3a3b5bce458e	Adrian Niño
8c863e58-ed00-4906-8cb5-81151c6877ba	Adrian Przyborek
46ae4888-4531-4c06-8154-b7c9eead0a60	Adrian Raychev
667c30f4-fbac-42ed-ae9c-1a293228428b	Adrian Rodriguez
0a4c6cea-dd80-4501-8be5-602108e41bfa	Adrian Stoian
51728213-db36-4ea5-b58d-10a780d449c3	Adrian Šemper
584ef6f2-08f4-4ac1-a4ab-d661d1b1057c	Adrien Lebeau
87f9acf1-158c-4194-965b-058e5292ee11	Adrien Louveau
3e6dcad0-1a7a-4f11-b845-7370e84bba9f	Adrià Altimira
22b12da7-3111-426b-8272-d51907b54027	Adrià Pedrosa
3d85c429-5fb5-4854-a5fa-8a744ac05263	Adrián Butzke
cee01a23-9e8e-404a-8847-fdfe4b296bdb	Adrián Fuentes
acc4e1c9-a7b2-4fb6-993a-642735b2f5d9	Adrián Liso
8169e722-62d0-4c31-a4ce-f875acbd6fcf	Adrián Sahibeddine
d534fde9-3d61-4108-aa3f-e513b7013a78	Adrián de la Fuente
ee609180-d91d-4c51-baf6-4f2692e2fcaf	Afimico Pululu
c6b1a23c-b616-44d2-aebe-527897f50047	Afonso Moreira
f040a7b6-b0ba-4721-ad66-8b36b83aada4	Ager Aketxe
66300a6d-856f-4820-b740-7c7622d23f46	Agustín Albarracín
2b495e98-e649-4de8-939c-a28480c165e8	Agustín Martegani
4e7608c8-faed-4f97-8723-6614b19f2ea0	Agustín Álvarez
6053c13b-9eef-4b60-8ec5-a288c5c408ed	Ahmad Benali
24d1c31d-0675-4342-92ad-ef79d043ce06	Ahmed Touba
d8fe54a0-0ccf-430d-a524-e7d8fade5885	Ahmet Gürleyen
fc901869-26c7-4bb9-b290-8c11afbb10fd	Aiham Ousou
637de63b-abd4-49b5-99f2-e6acd38ff343	Aiman Dardari
24d14ff0-e0ce-4a18-b8a6-03a29581dadc	Aingeru Olabarrieta
a1ee6094-0e9b-4d06-a765-73eabd5640ba	Aitor Buñuel
a215bab2-b4cf-4195-bbfb-44fe285a9e7d	Aitor Mañas
eb71a799-0d35-426c-8791-9ad65ffccb1c	Aitor Ruibal
067c25e7-d5c4-4430-a040-53fdf9d8ecb8	Akin Famewo
3dd7e3ba-1275-4ed3-9d28-31c0f15a288a	Alaa Bellaarouch
fc588137-1665-4f4b-8254-f95cc44cfbbd	Aladji Bamba
12996a67-2f22-42f8-92a9-6ca8931c0f9f	Alan Do Marcolino
28dbbd16-6d31-4460-9181-1f5e1fe94c7f	Alan Virginius
82cd7e55-2994-49d2-a74a-3b79e0402628	Alassane Diatta
647da7de-c22b-4dbd-b22b-cafc6a140c88	Alassane Sidibe
9fda87ca-a9d3-411f-a53f-541c798f07de	Albert Grønbaek
13d1949e-a2f9-4509-a640-f8dd2dc6c127	Albert Grønbæk
1635c797-8b5a-4394-95f6-5dac5c0eea10	Alberto Basso
4377c949-69e8-4dd0-ad2f-a445be613ed4	Alberto Bueno
e3b8de6f-faf1-45ce-b272-e14c79702ce6	Alberto Cifuentes
f3d7681c-1222-4622-8a60-f327df97abde	Alberto Dadie
3d79c347-89d7-496f-9a5b-bca0a38e7f9e	Alberto Del Moral
6d6c0fb6-b597-4669-915e-43ff171adef5	Alberto Manzoni
85144e62-b0d2-4c89-998b-f489bf951485	Alberto Marí
895138e0-2bc8-450f-98e9-9e9d9b66b057	Alberto Moleiro
a267e9ae-db27-4bbb-8d8f-80352cc9cb86	Alberto Pelagotti
319ddbcd-e147-4bea-937d-ef931b43dfad	Alberto Perea
33558d23-b4b7-4d05-98d4-0d6ef86c0c2d	Alberto Redondo
0082a8e3-860c-4e3c-9458-a864ae98e47f	Alberto Reina
729c02b9-1a77-4799-a287-04d9775ee53a	Alberto Risco
c1cc2cb4-520b-48b6-b6de-54645950d133	Alberto Soro
6d2b2d71-db21-407c-8fc4-517c72eb3475	Alberto costa
3310f715-5118-4865-95e4-a69f320bacc5	Alberto de la Bella
0e3477bf-355c-48f8-9a62-25bdb705504b	Albian Ajeti
309c3e86-7d9d-42fe-8403-43e9c962017c	Albian Hajdari
79101ae6-acab-4354-898b-012d69d8ec60	Aleix Febas
2f9eb889-b0d4-44ea-be4e-9ce74049ebbd	Aleix Garrido
593f6f23-dac9-45aa-84b4-2ecf3a69b525	Alejandro Asensio
fa3b08d4-df8e-4541-96f4-bab2582d751d	Alejandro Blanco
8b43392d-0b90-4a8a-ad57-d69eceeb6dfe	Alejandro Blesa
4fac9028-4531-4456-9cca-674bb3eb4799	Alejandro Gutiérrez Mozo
b2b2f735-31eb-4548-89b7-3a061322cb60	Alejandro Mestanza
f2c7cc3c-898d-4a9d-8cf0-7ec9d6682ac9	Alejandro Pozo Pozo
41ccb89f-7213-4c4a-a2bb-e390fa2393df	Alejandro Primo
cb59c071-3c2b-4645-b673-8310a4bfec0a	Alejandro Rego
46087bb3-e9de-452d-be8c-f0d79cb0d7e1	Alejandro Revuelta Montero
fd759ecd-f60e-40f7-ac90-d17541213477	Alejandro Rodriguez
1b2aa482-362b-4297-845e-98f994cff7ad	Alejandro Rodríguez
e9d2257d-11c4-4ef0-990e-d579f398cfbb	Alejo Sarco
f6ff0109-9c96-4aa6-8533-33f8970df43b	Aleksa Puric
c42adc10-0d86-4a8f-815a-ec0065e2711c	Aleksandar Jovanović
57c58ebc-1908-42aa-aa6d-29b9f5182b8a	Alen Sherri
1deb84dd-d8a4-4e83-bf8a-17e2ea5d658c	Alessandro Berardi
1f558994-4ba7-4d4c-bafc-ee8deb338ee3	Alessandro Bianco
73bbf085-015b-49c0-9ef1-893ac301f4f5	Alessandro Cardinali
a74a37c3-905a-4fb5-9e62-ee61609f69f8	Alessandro Cortinovis
4e130e6a-683a-4590-b6df-a7dd68c0169b	Alessandro Debenedetti
8535ebe9-92ad-4c38-a2d0-d2315ca5ad02	Alessandro Di Pardo
9339223d-57c7-403f-bbd7-d713bf56966d	Alessandro Gabrielloni
78222562-995f-4148-a86a-274aec65f5de	Alessandro Gazzi
aa031a16-9f42-48da-a028-11174d380c6e	Alessandro Marcandalli
d589b382-0c84-4863-a1d0-e5127ffb5b05	Alessandro Milani
371f0cd1-d2cf-4971-8772-14dd4248b31d	Alessandro Nunziante
48e3c582-950e-4ae1-9d64-611042d6179f	Alessandro Romano
766479b1-f72b-45c8-9c1c-b1213ec852b2	Alessandro Rossi
073a4fe5-1f15-4e79-a0a2-d9731b5d8d3f	Alessandro Russo
a960f209-3436-4b14-baf3-419caec71bef	Alessandro Russo
1604af56-2202-4e25-bd46-9d5024300e69	Alessandro Semprini
9fa600fc-65c3-492c-878e-9c5ebfbedf51	Alessandro Tuia
7b99b423-8764-4a38-81ca-3672e4381093	Alessandro Zanoli
e5097d9d-712d-4379-b74b-a60dc337ee2a	Alessio Cacciamani
e65701ea-fb7c-4e26-89cc-c3188e079fd5	Alessio Castro-Montes
119ed51c-95b6-407e-aef1-158b1ceb60ed	Alessio Furlanetto
692f95e1-fa21-4d8e-b186-6edd251e8649	Alessio Iovine
a10dd2c2-c910-4580-9a3c-bca9178f9ac7	Alessio da Cruz
0fee832d-f271-4382-affb-ba07029f0fb9	Alex Ferrari
9d5289d1-6859-445a-b699-d72fbaeb32fd	Alex Matos
048c69b7-b1c4-4f40-8f1a-e2de41d1872b	Alex Mighten
82a4727a-e24d-4ad0-b152-6d66d0c65490	Alex Padilla
3abc3aea-89ad-4931-9e87-5f3ba50c571f	Alex Petxa
e65e6a70-0284-4386-90da-cc020250af95	Alex Sola
c55b657e-03e5-4ead-b03a-4ba5baff6d22	Alexander Brunst
cea53e2c-d909-45bc-be99-f3838372c5f8	Alexander Fuchs
da85f00f-67c4-492a-a90a-362d460e4a26	Alexander Legendre
7e89bd5e-d6a5-438b-8c4f-9548e9ead220	Alexandre Alemão
78c9d824-418a-4010-8be9-6da612d1cdc1	Alexandre Jankewitz
e89de532-c002-46f4-a652-8a42de6e289b	Alexandre Lauray
203a9b41-e69d-43af-8b3e-5015e6490913	Alexandre Llovet
484e804c-03c1-4f92-83d8-af05a8be4833	Alexis
5b834703-bcbe-4cfb-bb39-caf58944eabc	Alexis Blin
ca46147f-3522-4c88-bfce-265303080f90	Alexis Flips
27233b58-55a4-481e-a398-70eba4730653	Alexis Mané
ce2e7d2e-77ee-4909-999e-ad6742d1f488	Alexis Tibidi
4cbbb5a2-f2bd-47c8-8e90-c95696ec6965	Alexis Trouillet
c82152d4-1ede-46dd-8f2d-80c7d9a0ffdd	Alexis Vossah
103e73e5-885c-4769-8977-babc4865c145	Alexsandro Ribeiro
b4618aa5-3502-4042-944f-55c7999931d6	Alfie Devine
6b39389d-a3ef-4343-b72f-9c417d7a1ac5	Alfie Dorrington
5a4b93c2-4da8-4063-814d-34e68ab0dd53	Alfie Pond
61755762-1da5-40e0-8aba-cd222a0a8363	Alfon
435904b6-279c-4326-a8cd-f16f6bd4653e	Alfonso Espino
cc1847b3-f19b-465c-8f87-fbad5382ea6f	Alfredo Donnarumma
e5691cd2-3429-4861-abd4-502d0f4a2b50	Alhassan Wakaso
80f13f95-bf82-486a-8581-23bcf80462c7	Ali Houary
59a4cdd7-b795-401f-bc53-035531e449b4	Ali Jasim
8514522f-00cf-4a1f-944d-c8de2f2c0d8b	Ali Yousuf
332966b4-f8f4-4870-9942-2e8acba9b334	Alidu Seidu
35f76b7a-bebb-4f56-a56a-ec010527ab63	Alieu Njie
d0318687-5fdf-46a6-bdd2-79d82de3274c	Alin Toșca
39c2e9e7-240d-4771-9923-a1c18221481e	Aliou Baldé
9adbd368-1a8b-418c-b5bd-123a12355b52	Alisson Santos
1eadbc0f-456b-4944-b449-15d1f127fcf5	Alkhaly Momo Cissé
b2c85619-f44a-4532-a06c-0e5b3d06914a	Allan Tchaptchet
7749a33b-4ef2-4c53-b1be-0bb8be7bc7e1	Almugera Kabar
01751d64-1335-441d-83d7-33ac1775bbf2	Alois Confais
f96f2970-60b1-4575-8f56-a64c45d79686	Alpha Touré
6923f36a-b0c9-4dc0-8373-754c8361b3b5	Alphadjo Cissè
0dfda0c8-da60-4484-9e0e-c3c479021726	Alvaro Cortes
c44d20f3-71c8-495a-9127-b386b870be88	Alvaro Sanz
735745fd-2d9c-4731-bf33-285f5dffd0bc	Aly Abeid
d075ad2f-9c12-4b28-9339-ef497a890495	Aly Mallé
d6853840-c47e-45ac-8800-82d96cd1f12e	Aly Ndom
f666d1ca-6cf6-4f10-b991-ea975b2b906c	Alysson
e13c12cc-2529-43f1-b146-b8830a0c0fe2	Amadou Cissé
2c156f2d-b8c2-4ab1-9415-c0f661fcfc2f	Amadou Diallo
515e4a1f-05ad-4e56-b868-a8925621cfb8	Amadou Diambo
e511d432-270f-46ff-9537-077c16cac40d	Amadou Traore
0ef7dbcb-96f4-448a-8706-241ee7c96419	Amady Camara
e18eeda2-35f7-4642-9faf-b710271fdce8	Amankwaa Akurugu
16d273ee-4a11-495b-8895-efc41e22a90a	Amar Ahmed
295da826-1882-4ecb-9255-849877d25077	Amath
a45bcffb-52f9-4368-a7e9-b1ec59e4cba9	Amato Ciciretti
237101e4-384f-4c66-b886-c6b20b477b24	Ameen Al-Dakhil
fa97ac7c-cc7b-4a69-a312-3d0840605f11	Amidou Doumbouya
49650d1e-89b8-4ace-944c-3755df05b5b7	Amin Sarr
c380b141-489e-49d5-b3c7-9841ccace81a	Amine Messoussa
fe6c7e8f-be04-49c6-881b-4eae5ed0cbb5	Amir Rrahmani
17bafa33-eb32-420b-98a4-cab993eb448d	Amorim
662bae21-1a0f-4809-9d14-8bc7d5311dc8	Amos Pieper
3c323d0c-122c-487d-9485-560ce429c58e	Anas Ouahim
aace37e5-03ee-441c-a782-31c91925fcd5	Ander Martin
cd964ed9-fdaf-4a59-8160-e35ebc7327f3	Anderson Lima
c0bcc98b-292b-4041-b84b-dfb33366145e	Anderson Ordóñez
fe4c2a84-5082-4c36-80d5-5ea6128fb1c0	Andi Zeqiri
18e97b71-655c-4cb8-853e-578922a90838	Andoni López
cc100856-1b6a-4389-b109-1ee825ca1566	Andrea Barberis
9640a7e4-7ce8-4ebe-9873-943d0c002a65	Andrea Beghetto
db0217e8-eaa5-4de9-8090-8569414b0ba3	Andrea Belotti
f902c64b-61bf-4e9f-b576-98942a05b98c	Andrea Cambiaso
2da645cb-6e29-4fa4-a464-ff4689765537	Andrea Carboni
3c68ef41-f12d-4cb9-8749-73543e9f9d0d	Andrea Cistana
45f21e0d-15a5-40a3-ad01-c723046e8267	Andrea Cogoni
4cfde3d9-a417-4078-9ec0-10a26d763ff5	Andrea Danzi
a388c447-3f09-4a17-9e0a-b390c0d7adc5	Andrea Ferraris
7bc8797b-a9f6-4dd5-bfc5-7ddad259bb3f	Andrea Fulignati
6a474b5b-7753-4a54-a5c1-aead8b878209	Andrea Ghezzi
54f52240-bf0c-46a1-9329-6fd5aeba9c92	Andrea Ghion
e9c852aa-2b99-48e9-a9ea-8e9c654abc52	Andrea Mazza
1eb02119-163c-4453-b1d9-7e091e3bc826	Andrea Nalini
ca115ae3-3bf7-4b92-9a82-afd89927a3eb	Andrea Papetti
d3b4bc53-47a6-48de-b56c-0c87c1e70fcf	Andrea Pinamonti
84bd83eb-f44b-4a1c-9bed-c7df929940f0	Andrea Rispoli
e3c0d199-9b45-450b-915a-d593b6248a6f	Andrea Schiavone
f2c7d35c-3b89-445c-b237-d1a93d5ef9d7	Andrea Sodero
900e2a85-2cfb-45fc-8453-836d5d45f1d3	Andreas Hountondji
55954a98-659d-4d2e-ad13-cb6f53d71eb6	Andreas Luthe
1858ebc3-f340-4c8a-bafe-b596e8a8fe51	Andreas Skov Olsen
2c774a43-8496-40ad-b497-b85f8ef27bec	Andreas Voglsammer
2da350ce-a074-4dfd-85f7-114ba107e2ed	Andrei Motoc
e3b599ed-220e-4ba3-9606-c00df82c9785	Andrei Ratiu
27dc7a95-2e82-4a6b-87eb-ba01d0c55621	Andrej Ilic
dc16b7e9-3024-4d09-aee3-debd683dc69b	Andrej Kotnik
9854ce6f-05c3-461a-b6b8-a0cd2918d9dc	Andrej Popović
af5d9987-cb95-41b6-b210-eba75ed9ec91	Andres Sfait
acfa5034-f521-4a59-b106-b894def625c9	Andrew Eleftheriou
0f1a4a2f-b34b-4de2-8bc4-36e4d8aaf4e4	Andrew Gravillon
cadceea6-9404-4db5-a6d1-9903cdbbe939	Andrew Moran
bdbd7db7-ce89-473f-88ae-8367138cb060	Andrija Bulatović
a35f800f-3dd3-4cb0-a94a-9727908c0cb8	András Schäfer
834e4920-8087-492e-9694-69e958b93a07	André Ferreira
b196ef6e-0373-4b19-9867-cccfc19dd1f1	André Hahn
81000ca0-ab0f-4082-8a3f-8c677ae3ef45	Andréa Dacourt
b154e00e-8f05-435f-9700-f4f0dbb960d9	Andréa Le Borgne
66c8ac00-1744-4de8-a9f0-42fce4c5bee2	Andrés Andrade Cedeño
61365e4f-784f-418c-9bf4-2325b8b2d1a8	Andrés Antañón
d2492e4e-ce0e-4f57-923f-72a15066595a	Andrés Cuenca
2f863fbc-eb3d-4062-bbfc-7b8b9ed73d26	Andrés Fernández
3c4fdc50-2a42-4151-874a-13c8ae9d8955	Andrés Martín
11eaaf83-815e-480b-81c8-01b922ee8441	Andrés Solano
791da821-b88c-45a6-b452-f5a3307b41ba	Andrés Tello
211de7c0-33f1-40af-b45b-1fe79f6ae8de	Angelo Fulgini
f9ede199-9334-4b63-8508-e48026698d35	Angelo Ndrecka
ebde5c6f-9557-4f7d-9a36-d6fdfaafcfbd	Aniello Salzano
a88aa49f-32ef-498d-b629-f19340b093fe	Anrie Chase
6a3193eb-0815-4acc-9d1c-64a58baae753	Ansou Sow
0d93096f-f1cb-43c4-8f22-b8aa24b12808	Ansu Fati
7c6f8aab-b2f6-4d4e-bc29-222cbb269ed8	Antal Yaakobishvili
80a8895b-17cf-46b7-9ca3-69039543f43d	Anthony Belmonte
8a9557aa-c7bb-4ace-a945-a376240ed47c	Anthony Bermont
1e2c452a-c1a0-44ae-8f65-4b3824b208c7	Anthony Caci
b05a636c-6559-425c-93a3-c0d06175b61e	Anthony Khelifa
87cad558-9588-4f07-b723-8d0086e90f63	Anthony Limbombe
f904a972-6686-4709-9853-da626de222b5	Anthony Walongwa
370e750d-6ee4-4c31-88ab-866a22567947	Antoine Hainaut
42249d50-9305-4fc4-b9d7-fdd429fe8c65	Antoine Joujou
4dd0ea57-74b6-4e8a-948f-08c77073b19c	Antoine Valerio
0b8e80bc-0a5f-4a91-a79c-c8a8c70da630	Anton Kade
d5a3e366-4861-497b-8974-f94a4df6e03a	Antonin Bobichon
a3433ec3-6528-4dbe-a6bd-37dd31d5e063	Antonin Cartillier
cd4d927a-212b-4790-afd7-b08a6184d66c	Antonino Barillà
9b29e9de-75f6-4254-b789-b43aefb8df41	Antonino Gallo
c22b01e3-7745-44f4-ac35-6a1c9b04becf	Antonino La Gumina
769309ae-4803-473e-87ac-5e02d75fc223	Antonino Ragusa
c6ab65b7-f221-4920-952d-a4bc1ca97750	Antonio Arena
4b8c149f-ad1a-4529-8c99-aa3d08a4f28e	Antonio Barreca
52d00187-5d1c-498c-8e96-b68a61d151f9	Antonio Blanco
dd945601-38db-4aaf-b24d-8f959af2fd6c	Antonio Candela
f9fd0d71-cc27-47bd-9689-ca63759fe601	Antonio Caracciolo
768bb456-ba5a-4aa6-aa34-24173814da7a	Antonio Cioffi
d5e6cb9c-e887-4f9b-bfc0-17367a95b907	Antonio Cortés
377ef8a7-135a-485a-b7cb-6fefacfc9064	Antonio Di Gaudio
557f93f3-cdd3-4b45-a13c-319d76c15d65	Antonio Gomis
9128cc72-22cc-4130-8a18-b1bd2f8523fe	Antonio Iervolino
a7a72df6-677b-415a-bc43-e7b027b5b383	Antonio Mance
96906aa2-29d8-4563-a6fe-b2bc1991c625	Antonio Otegui
fa4e90ea-485a-4b6c-a9ae-9aeecec92ef2	Antonio Puertas
93b5b8fe-7d51-4b34-8452-413fda474e83	Antonio Raillo
896419b2-17f0-4c8b-b5d0-bc197db3364c	Antonio Raimondo
ca6d7e6d-3c13-4046-93f1-87c198904b9d	Antonio Santurro
ed3b3afe-e33e-476d-b96e-78de22e7fbae	Antonio Sivera
812a0535-d24b-4791-83c7-9a02a0fa20dd	Antonio Sánchez
c8d9fdce-d76d-45f3-bee8-fe13d99b5d81	Antonio Tikvić
54420c63-ae6f-4692-884b-5bdb8c42d697	Antonio Vacca
8da01ed1-0ed5-4991-82b6-e732b6960601	Antonio Vergara
d382d249-bf73-4fe9-a2f7-fab5601ae35a	Antoniu
a05abf9f-6359-4599-ad97-d754be83ce4d	Antony Evans
7deac336-a2eb-458a-a843-8399d6625e0b	Antwoine Hackford
e33b18c1-5aa1-4e70-8db3-81ef9e49195e	António Silva
03934e67-2986-484e-a9e3-0d09e9b2fa88	Archie Harris
5fada2cb-9465-46a5-9849-861e8610c126	Ardon Jashari
01fc52a3-030b-4100-82b8-5ee4b5447c8f	Ariday Cabrera
37844997-68de-4f41-9bde-f4c3f5ce019a	Arijon Ibrahimović
18c49c0d-f43a-4ffc-b656-c310a244021e	Aristide Zossou
9f2849ab-6f8b-4162-aa14-3ba3ac1aaa4f	Aristóteles Romero
764b99ba-f07c-40c5-aef9-8e3b1285cc9a	Arkadiusz Pyrka
6965d325-605d-443e-9745-55dec714d7a7	Arkaitz Mariezkurrena
595a7d91-96a0-4f6e-bef1-2e678f47d5b0	Armand Lauriente
e286672b-0e59-4cd4-b692-ca4e78d77f8a	Armando Izzo
a5a43a9d-7ef9-4901-be5c-df6b6ddac784	Armando Sadiku
eeec488d-58aa-4c1d-992a-3d49ad1f392d	Armel Bella Kotchap
92a26e08-4120-4720-b892-dee0bdfea538	Armindo Sieb
383101eb-226c-43e0-8103-25d2bab398a0	Arnau Martinez
b1600541-3ed3-4080-8379-cccc0d051f85	Arnau Rafús
a00a0917-b5ab-4192-ab28-31be715a1a31	Arnau Solà
b97e306b-8c06-4dd0-80c5-9b845fd55992	Arnaud Bodart
7e3bf2d7-028a-41ef-9097-b5c084c5934f	Arne Engels
aa2b04f3-53e0-4a81-a19b-7c910dcfc085	Arona Sané
dfdc9024-4bf0-4bd1-acd5-8e1202d16bcd	Arouna Sangante
17fdd67c-5ce9-4eb1-98f9-de2b03440d25	Arsène Kouassi
a0882ebd-477f-49d0-9962-36b6677b0083	Arthur Avom
c0b87e71-309f-4807-b96a-6f15a319a872	Arthur Cabral
262ee494-f1b7-42ef-98ef-1d63c1b71928	Arthur Chaves
fd6a791a-8632-455d-94c6-75d1cb217137	Arthur Desmas
1d498c98-97b0-474f-8c83-63376740dd9d	Arthur Piedfort
35484c9a-2899-4326-8709-160f57470b15	Arton Zekaj
5ce8ac77-e43d-40f0-b3fa-4d2c956df8d4	Arturo Calabresi
e5e0678c-4a3a-46a3-ab20-39be74c7ba6d	Arturo Rodríguez
5ee6de59-c81c-4c1f-9480-11c949e47fac	Arvid Brorsson
1ce37c4e-a7a7-4240-a217-6dbee70aba1d	Asaf Arania
78266549-2284-4271-a37a-b7225ce951f1	Asher Agbinone
6714aa92-d332-4ada-ba0e-b6674f3a69a2	Ashley Phillips
bcfcc600-b4c7-4d6b-9eb4-ac47010dbc81	Ashton Götz
935d0c36-d178-43d4-ac9b-2f20ee38c20e	Assane Dioussé
f26ef99e-5e5a-4ce3-b28d-d8e8ac393a6b	Assane Gnoukouri
b3e000f2-4bb8-4d53-92f6-07f6d3ac9e14	Assil Jaziri
494e95ce-d0f5-4b7e-9930-b4de2062b79e	Augusto Solari
1764567d-b39a-43cc-b930-70c0a6d15460	Aurèle Amenda
7bbe97fc-3360-4607-b5bd-928f47ebe7f9	Aurélien Nguiamba
8e6434e8-3d32-419a-b778-f158929525d1	Aurélien Pelon
8fa5b0bf-b72d-4fdd-993e-845a72a3233a	Aurélio Buta
943bcb69-3538-4360-bef2-246a0edcb86d	Axel Camblan
a55c0ff8-68ab-435c-84dc-1f465b1e2f52	Axel Guessand
a6515813-edf1-4f2a-8cfd-bd3e4f7df5a1	Axel Tapé
d4c5e4d2-f4fc-4bcb-a998-cece5a5a94b0	Ayman Aiki
488fc1da-a66c-49e1-b963-d42ea7097fed	Ayman Kari
3bc9940d-ac12-4f5c-a198-36c332c6fe98	Aymen Zouin
45588478-2471-4c99-9a9f-c4d0dec5d4cc	Ayoub Amraoui
fe0da0c0-0085-4247-9f60-8a2bb6bad432	Ayoube Amaimouni
e49af676-e652-43b6-a668-a92cabcc7851	Aytaç Sulu
630ba79c-4ce1-4a6d-8647-cfbcd8ab0b9f	Ayumu Seko
6a711d67-7077-4e61-aabd-dccf4e9e5e34	Aïman Maurer
da33518d-ce42-4251-a4ac-fa1b99be69b9	Ba-Muaka Simakala
66fd39ec-0c4e-418c-967a-cea5b6e62ffc	Babacar Guèye
08af8c41-8f29-4388-8c5f-895c4928fe28	Babatunde Akinsola
3b59980c-6e23-4e88-8a63-37c3c6dda4a4	Babis Drakas
f7e4621b-2a2e-486e-b09b-9588312fa366	Babis Lykogiannis
e394602d-c0d4-4d54-a04e-88cad1c3fdca	Bahereba Guirassy
41e420f9-d575-4ced-b9d9-0ac3c0a71609	Bahmed Deuff
6a60f257-664c-462b-946a-8f2562a9ec03	Baila Diallo
479e17c6-7b77-4bc6-991a-d6d90286c9cf	Baily Cargill
46c253a7-54d8-4a19-b06c-53dab6c065d4	Balthazar Pierret
6a925283-d94b-4ec5-8895-ee8950fdd4d2	Bambasé Conté
2b79c436-8272-4f84-a307-1103f1112b91	Bane Diatta
d3c54546-cf51-42f7-8770-f7b5bdfd3255	Baptiste Gabard
8f3f7c23-a2e3-4bf9-86c5-bd85ba756605	Baptiste Reynet
d0754d2f-8f1f-4ab5-9991-06cc1ba7575e	Barbero
b1b2501f-582a-48b9-bcc0-56a681ee0864	Barri
bd457635-5160-40f0-9f83-f5b423590ecf	Bartosz Białek
6c5fe3be-85b5-4d72-b165-e4fa3df86bdf	Bashir Humphreys
2feb5a70-6686-4836-8178-5e38e4454aa9	Bassem Srarfi
096a39a2-f853-487d-87cb-b02a91f008ac	Bassirou Ndiaye
8112cb2b-a3bb-4bb4-8990-755195114569	Bastien Meupiyou
f6abb800-8217-4690-81e2-74362b1c2fc3	Batista Mendy
687f4712-6d80-45ec-922d-8eb808441dba	Başar Önal
274beb2f-d49f-4d39-a91f-a33354ba7360	Believe Munongo
009ce5ff-d1e4-47d3-9453-cd15f76b9f9a	Ben Bobzien
ebe921d0-499a-4bc2-8cbb-7b344e04fc65	Ben Brereton
ad1c1628-746a-4794-b3dc-2ca6c0be83c3	Ben Cremaschi
aebfe512-c05f-4628-9648-2a69003be17a	Ben Parkinson
17452718-4cd7-4ee0-ae63-04ec2d5c8aad	Ben Viadere
badf60d1-ee72-4ff0-9647-1dbb44cb0c81	Ben Watson
e047746a-fcfd-4cb0-86e4-9f7e3b171e82	Ben Winterburn
8b706de3-82f6-4b47-b47e-ace1567ff6d0	Ben Zolinski
076004e7-0e9b-4e60-92ff-fb55ad34e7c6	Bence Dárdai
cd7515d1-1e54-442e-8ab8-4283302b6db9	Bendito Mantato
cea827c1-82f1-4dbf-be93-f891218a9b4e	Benedikt Gimber
60312adf-ecfc-4275-b53b-3464bb45c6d7	Beni Baningime
e9b63b47-2161-4efe-bd62-eea5cf439e0a	Benicio Boaitey
88155469-2b8a-4026-9bf8-5f767382fe5f	Benito Ramírez
affe399e-419f-4600-a003-7439709c6cc7	Benjamin Brantlind
9dccea68-a87f-42af-90e0-34254a03cae7	Benjamin Hadžić
db74dba3-ed3c-41e1-ae0c-7d75bb2b3593	Benjamin Karamoko
4bc7d40f-b663-419b-b357-65b32e839953	Benjamín Domínguez
06408cb0-bdfa-422c-a80b-db562f22ed15	Bennit Bröger
3a7073fe-ff23-4152-bcb2-d7a273962f83	Benson Manuel
306d2965-a193-4266-9e1d-92c02835ed5e	Beres Owusu
2d2aeda3-e233-4452-86cd-8a2eb4a7a593	Bernard Nguene
19828dc8-7eb9-45d5-9d0f-5bddd4199e81	Bilal Benkhedim
0a2a9509-a382-4264-b0ff-fc9ad87f866c	Bjarki Bjarkason
2e5948a7-b5a0-4fc3-9c1c-f6a1eadf7a59	Boaz Myhill
5e1b1143-3afe-412b-a526-a1c458b446b4	Bob Murphy Omoregbe
b2cf3b96-d910-48db-9b18-5eeb21263b57	Bodin Tomasevic
5148e9d1-28fc-415f-88f2-ab0cdd63e0d8	Bojan Miovski
7978d7de-f5f1-458d-b530-5412d3520c26	Boris Mathis
024a2e6e-2815-40a6-ac69-e4d0289d1d9d	Borja Garcés
ef75ad03-f37d-479a-9871-45d6174f7287	Borja García
b9d00811-4b51-45cd-818c-69c044d6daa1	Borja Lasso
fc67dc73-06e0-4c3d-8907-0dd665858a27	Borja Sánchez Laborde
0aef97a1-1c00-4aab-98fe-cf8d63e371c1	Borja Valle
f2168747-8902-4693-9ec5-fc14934ca7ad	Borja Vázquez
507e49fe-dba6-42a7-90d4-77aef4b570eb	Bosko Sutalo
36f6cc2f-f623-4fd7-874d-152e8c1166f0	Boubakar Dembaga
c71eff6b-4660-4a47-aab1-37e6f7cd48d5	Boubakar Kouyaté
0097051b-65ba-40d4-a77a-5c1e5ea5a57a	Boštjan Cesar
176d5808-528a-4b2e-b276-05b15ce007a5	Brad Mantsounga
fd21ebcf-d6ce-4f83-b26a-b5e06131c3a5	Bradley Burrowes
62fa309c-6d71-4af7-a30f-425315d138e4	Bradley Locko
1f89c0ce-1705-4430-8806-e3122e6c5536	Brahim Díaz
7b6fc0b5-173e-4dd5-ae8e-aa6a31cc1ed3	Braian Cufré
caebbb01-6525-4942-86cb-6de16df1bc1a	Brajan Gruda
98dc21f5-a7c7-442e-8e1b-65dcb3dbf386	Brando Bettazzi
51c90f35-162e-45bf-976b-16c17d1d183c	Brandon Aguilera
cea31d12-2a16-46d6-8c54-4b98245fb0a0	Brandon Baiye
7395fbab-938d-4f9a-a775-160806a5a4c3	Brandon Mason
efa16d14-dff0-4c1a-b69c-a39d44f61321	Brandon Pierrick
8c5282e8-7a3d-4669-b28d-8073a004026e	Brandon Soppy
f9a01b17-2769-440e-a788-857a7188445b	Branimir Hrgota
fb693d13-ec87-478e-bc68-050024209cfa	Branimir Mlacic
5753c27b-b5db-4ec9-85f7-ea409650a3c9	Brau
0f414128-c987-49f7-a3c1-f4b5db392714	Brayann Pereira
523391ce-aa4d-4308-a060-d43344cff5c1	Braydon Manu
9849707c-df50-46d8-a5a8-d55dea5944f6	Brian Behrendt
499cbdac-2edc-4e38-a9f3-ad52e46797d4	Brian Ocampo
2918ee31-72a8-4139-9617-1a2b39e0c4cd	Brian Oddei
ffa09f53-3f18-4c9a-b745-11e864cd44ba	Brian Oliván
98fc06d6-2c22-4886-9db3-4c249e1e8ed8	Bridge Ndilu
b0789145-961f-4815-841c-3ab71851e9e1	Bright Gyamfi
84145068-6741-45f3-a816-1a010c9e0d29	Brighton Labeau
3a3079ca-8b0f-481e-9f84-ef2a0d385b75	Brooke Norton-Cuffy
4f8e7a21-1c38-4de0-8f1b-347c360e7cd6	Brugui
c4ebb744-66db-4f49-967c-89c3394c4724	Bruno Amione
82b4936a-5f35-4458-a359-28e68e4e8148	Bruno Galassi
646e8dd1-5d06-4dfb-a8a5-ebed0c6b9adc	Bruno Gaspar
56406852-846c-49ed-8d6e-551a0055cb13	Bruno Martella
b482f250-f40c-4b40-ad2c-a059e73fb0eb	Bryan Djile Nokoué
b5b00f38-4fe4-4348-875f-dc37462876b4	Bryan Lasme
257e30ea-9549-4471-b13f-440ae14eb692	Bryan Reynolds
82331797-f0d4-4910-a579-bf14caa7453a	Bryan Zaragoza
fd45712d-9366-439e-809f-c24943854a83	Buba Sangaré
4095c45a-a674-4129-8df7-6fbeac0d8f50	Burak İnce
7b896695-fba2-444c-9dfb-f27326bb9afc	Burgui
b5519c97-c6c6-48cf-978c-e5a3e353da29	Caleb Kporha
6e4cdcf3-f082-4400-a720-5bd5833c5352	Caleb Watts
1ff99898-d4ea-4ead-b14b-d082d70fdcab	Calebe
5d3abb33-dbe7-4303-9ecf-56dae6985088	Callum Marshall
444d4697-31c8-4a5e-9bb8-da491bfbe504	Callum Olusesi
b2c2fa5b-89ed-4fd6-8e0b-2a7c1b66128f	Calvin Brackelmann
e1763084-0c9d-4dd6-ac86-d2b3e8b7275c	Cameron Peupion
160f9936-f835-478c-99d1-8d4ecc384845	Can Uzun
f9d1cba5-50dc-408d-8ad6-64ce2807d010	Carl Klaus
2800425f-51b3-481c-bbbe-29826d6c7a03	Carl Rushworth
a34aebe9-d6fd-414a-971f-3ed2fecd4c43	Carlo
7372fa73-df35-47c3-93a0-5927c67ce1b1	Carlos Alcaraz
c11af4ea-f028-4339-b9e6-ba96cac772c4	Carlos Apna Embaló
f978de0d-067d-4246-90cf-9672ea7f5c8f	Carlos Ballestero
32d8ecc9-9edb-464a-a605-ce5341f27137	Carlos Benavídez
31fd1f75-d8f7-4d13-86c6-9fd49179577a	Carlos Calderón
2691f933-2261-473f-aad3-3e7958bbe68e	Carlos Dotor
56b548be-a278-46d6-961d-ae508346cf4e	Carlos Espí
b7202574-8434-444f-bb36-8d75171ce858	Carlos Guirao
b9bd5eec-172a-4739-a752-ce9b48d08f97	Carlos Isaac
c580ab5a-8bc6-4185-87b1-c6c4ad59bf45	Carlos Macià
50e77247-181d-4aba-9e21-3d84854d62af	Carlos Martín
16682045-559d-44be-abba-db5954c6463b	Carlos Neva
30583f0c-8df5-431c-bbaa-f172761f34be	Carlos Romero
3d632329-1eae-427a-a6ef-9f3b7675d32a	Carlos Vigaray
d71723c2-68f8-4a15-b80b-fa2fd5a8e4a5	Carlos Álvarez
b903be98-395c-4dd3-b9a0-e4af0d0d9ac5	Carney Chukwuemeka
5227735d-bab7-49bf-88b2-c57c0f785c15	Cas Odenthal
691601bb-7282-4ca6-8c82-4c5db5d42e7c	Casper Tengstedt
e845da27-14af-4c38-9cc7-8ca0340d3d90	Cassiano Kiala
51a657c0-a944-4bfb-8dc8-a4cc4c401987	Castrin
2678060b-6031-40d0-8ac3-902dd59e1f2e	Catena
878748cf-ae7e-429f-b076-89c0a5556900	Cauly Oliveira Souza
6167741c-e29a-4b9c-b321-a34fc9617942	Cedric Zesiger
1aad90e1-ae8a-4c0e-900e-5dd67c34185e	Cenk Özkacar
173cacbf-e874-486a-882e-02ba877e3a62	Cenny Neumann
2088de66-d264-4e1a-8303-2016df18ebd2	Chaim El Djebali
414c64dd-de20-42c7-ad56-4f4e16e1e737	Chaka Traorè
344fbbf0-118b-418b-a924-0329e92ccf36	Chaouki Ben Saada
ea9b524f-9d2c-47bb-bc72-150806470fb9	Chapela
e5339a92-d363-4c84-bcef-5284185c9377	Charles Abi
443e7c6a-9381-457f-8bb6-135d0dfbcaba	Charles Costes
09157471-9b18-4eef-b3da-5606d20b08b9	Charles Herrmann
922d366a-0032-4eac-a329-9022c2ae3126	Charlie Goode
b4fcdb89-11a7-480b-ad66-9526196aba3b	Charlie Veevers
8d2281d5-a0b4-4c09-963a-3b22c064e341	Charlison Benschop
a8ab7736-c9f9-44ef-af6b-131f6a9c21ed	Charly Charrier
e9281fd6-0657-4854-89e8-af2bb78c0172	Charlys
46c12815-3c8d-4652-b9b8-80853a8ea258	Check Keita
24e4bef8-bd2e-43ee-b5c7-b2c522913686	Cheick Keita
cc5bc946-d05b-464d-90dc-c5a4067ed823	Cheick Konaté
acd73a53-27a0-4403-bde3-ce56575efc69	Cheick Timite
c078c794-3944-4ddb-a4d0-4a722d6e70e6	Cheikh Faye
ab5ce9ca-507a-4e3b-947c-c3d979649a1b	Cheikh Niasse
c2997c1b-a695-4ecf-8816-09fb48e27600	Cheveyo Muy
b3eea02f-90e8-4d52-94cc-341f11627411	Chidozie Obi-Martin
722c5d20-b93e-4520-baf5-e73274bf6d75	Chris Basham
bdfbd283-6a8a-4e58-a6b2-ad579f0cbc71	Christ Makosso
cd8a9c81-24e3-4c60-947a-e616105e93f1	Christ Mbondi
86856194-f8b1-4904-bec5-ad8c5a6f2e92	Christ-Owen Kouassi
8adc1dcd-099d-4ba8-9eb3-3ad120b2fa3f	Christantus Uche
a209fefd-3055-45c0-a09b-70401a06473f	Christian Acella
621aa4fa-db04-4ab2-bd95-0507cb0ebc00	Christian Celesia
7b7077ba-c297-4d3b-aefd-f31ca6b18e6c	Christian Conteh
b5436c2d-c23a-4401-ac07-180a69388d88	Christian Frangella
d1786b88-a30e-4e36-a851-4b1179f00978	Christian Kouamé
019d9d23-2e3d-4c53-93f1-93cbd6ffab1b	Christian Ordoñez
bc639780-e75a-451e-8dbf-18a4c182a832	Christian Pastina
161f6e10-94fe-4832-8398-1ea51fb9f430	Christian Rutjens
2e2a85eb-f16e-4256-9d7d-94ac71071486	Christian Santos
678a0208-a3db-4a34-b4fd-534041f10454	Christoph Baumgartner
865c2231-fbd3-4f12-862e-01f158cd5f49	Christoph Daferner
89cb7b45-0fd4-48e9-b5e7-2f334d6406bd	Christoph Klarer
e5a1916b-52f8-43c7-b434-3c79ee68cf7d	Christophe Hérelle
23ec0709-109d-4004-bddd-76adb0a8886a	Christophe Mandanne
9e042369-288a-4f89-9e03-4f5100152002	Christopher Antwi-Adjei
d12445a0-9add-467e-8491-8f3e43d184dc	Christopher Atherton
79a468c3-6cb9-4ae7-8fe2-7e89bca7bc13	Christopher Jullien
73fa791f-ec9c-4335-a482-3172f6188e9b	Christos Alexiou
8157fd44-2a9d-4651-982d-b5600371b1b0	Christos Kourfalidis
a5ea4659-1ae1-450f-9de8-0c49803d922e	Christos Papadopoulos
20b63473-129e-46c3-bad4-65a90bc926a6	Chuca
bb547986-14ba-49b9-a9e6-a78ab7fa12d8	Chuki
7d49a9c1-f5d3-4a59-a236-7ddb6a384301	Chuky san jose
fe5fcf59-e6d9-490e-ad64-b9fe65d2c18e	Chumi
a6ebcef9-fabf-4ef7-b68a-f638f34a8152	Churripi
62610eb8-aec4-4f8e-8792-367d11f3d35c	Ciaran Clark
e0f6fddb-39d5-4d83-b1a3-e269f0b9703e	Cimo Röcker
2ad5560e-cfff-43ee-926a-78e4dee4fefb	Claudio Beauvue
5d2941d1-304c-4377-89af-3d6fc7530bfb	Claudio Echeverri
d7e11acd-b963-46d2-823b-3861295fbd6b	Claudio Terzi
4dd5d3fd-2f69-4234-b161-964fdfebf0af	Cléo Melieres
2e85c4da-4aac-4c7c-a46d-b1a0d59583e0	Coba da Costa
74389e2d-0936-410e-bbe2-b8573d2d58da	Cody Drameh
76ba5d32-7f42-46df-95ca-5bdcb144a6aa	Cole Campbell
83bba678-cf40-4dfc-97ca-7c8aecdeee32	Coli Saco
f6a3f157-46ef-4ec7-829b-a76bd38a0b10	Connor Noß
3a2b6759-9354-4f92-bf5a-11a77e95f4a9	Connor Ronan
5bce5ee4-0867-4739-b6a3-f365a811b334	Conrad Harder
6f372583-cd60-4804-8940-423798e8c09e	Copete
653e46e0-0cda-4fdf-a30a-53def5b12be0	Corrie Ndaba
0bd1c996-2799-48c6-97fd-9b6119292e68	Costantino Favasuli
26e4f3d8-94f6-4c46-8f26-61bbbff4ff99	Craig Farquhar
57db9c77-6588-43fa-95fa-1dbe0945da97	Cristian Benavente
bfbcdf2a-8f32-44a0-9b48-18e6c245f47c	Cristian Buonaiuto
5f26683f-b2a5-45a4-8cf7-c5c3524b527d	Cristian Dell'Orco
5ff4d488-353d-445c-a600-8c036224b677	Cristian Espinoza
bcb45eea-8e2d-47fb-9c17-af6c6e9101a0	Cristian Ganea
e085fedc-fe8d-46e1-be07-98d2fe5236d3	Cristian Herrera
ff0da3bc-13c1-49c1-9a20-424c5d64f9cb	Cristian Rivera
2b2c65ac-ac8e-4e89-9866-bae0497559b6	Cristiano Lombardi
2f99b9ef-bdba-43cc-aaa1-5be54921dd7f	Cristo
7a164016-4598-474c-9fa1-77eb65afe68e	Cristo González
cd78850c-8b22-4f08-bece-8d4739cabccd	Cristóbal Montiel
016613a3-bdb6-4efa-8d35-0f612a2f3136	Cyriaque Irié
d6a706ff-ef2a-4951-823b-d596e98e1511	Cyril Ngonge
1240fe3c-1cd6-4b90-b06d-eee6843fa8b0	Cédric Brunner
95067406-9a19-4068-a271-cb61f15da714	Cédric Mongongu
9f1385ed-049e-41fe-a6ce-ca301127afff	Cédric Varrault
d0c732b6-112c-4682-b242-37ba1631d01a	César Palacios
4fea8380-c227-4914-9a1b-f17bdb5244ba	César Tárrega
6f260384-6767-4f65-b7b7-450fcd669ae4	César de la Hoz
f0ff0be7-a7d9-4f1d-82aa-fc5b15b375cf	Daam Foulon
f4f3d325-c818-4831-a33b-c97ade92569c	Daan Dierckx
f2313cd8-f71b-468c-946a-f3085c0d9abf	Daan Heymans
1ccfc9bb-61e1-4de7-9f37-542d97ff9f62	Dachi Lordkipanidze
83ee8e1f-d617-440d-9ce5-f5afca265c6b	Dalbert Henrique
b9ced20b-c27f-4231-b7fe-a1f67e84ed71	Daler Kuzyaev
e88d9513-0a6f-415a-9c12-128eeb6ee5a8	Damián
998b3f49-4a2f-4caf-893f-cff0fa74f0f1	Damián Rodríguez
16e9d2ae-6e89-4d3a-9f6e-5bf024415977	Dan Neil
8ab6a391-09b5-485d-bd5d-af27c61dead6	Dan Nlundulu
4dc16461-da26-4e33-9866-50230a54804c	Dan Sinaté
4bf96566-34b1-4fb7-b309-1e25ae639146	Dani Castellano
55dd370e-91b6-4f8e-bd36-c519282c6b9a	Dani Cárdenas
a824d823-125f-488d-9c51-f86d4ab4e09d	Dani Escriche
fea727d3-2dc2-456d-8db9-d0491f27bec3	Dani Gómez
b9afdbe4-1d92-4207-b374-333e4f5471d7	Dani Ojeda
97fd10df-3745-4c23-9734-f8880ff80f26	Dani Plomer
f3f81da6-0965-45b5-b6bd-667e88de5b3c	Dani Raba
51e59605-155a-40db-9f72-da2b582e0bcc	Dani Rodríguez
aa3074aa-a099-4ad4-8906-4eefbc1d6e32	Dani de Wit
03515e64-7715-4506-82d9-ae2a85f45e8e	Daniel Bandeira
1edde37c-f3d0-40e3-adfa-3e7e842faaa8	Daniel Batz
126b2b63-189c-4c29-a507-9dcc4fb69731	Daniel Bentley
a7d7cb2b-227a-4dfc-95a2-de47be1197b6	Daniel Bessa
a657816f-bfa8-4c48-9733-729b48e45ad9	Daniel Chesters
82f9fadc-4d8d-4022-9a2d-76e794d2c415	Daniel Denoon
23d5005f-e380-4ac6-a042-47b0c1d6ce80	Daniel Díaz
85d6a1d3-3fcc-4002-8445-2f17c9ae057e	Daniel Fila
d7dcd453-d722-4985-86d0-e15ed9c08dde	Daniel Fuzato
29ebe99c-344a-42dd-a046-488c1768aa5f	Daniel Gore
5f2ea8ea-c1af-46bb-9027-3bd144a54729	Daniel Guerrero
a8eaafcf-8570-4d85-81ec-42d102f96c06	Daniel Heuer Fernandes
2b522e82-be72-4e28-90be-956128c46819	Daniel Iversen
b228ddf1-4557-4169-afa5-6c1e09a8fc1f	Daniel Luna
894eaa4c-6353-4f8d-b585-14fd020899bc	Daniel Maldini
b4de90ab-f2a6-4258-943a-7d25854e3c8e	Daniel Martinez
c348ba35-cd6a-4b78-9f4a-a6b00533918c	Daniel Martín
5ddd7ebc-46f9-4afe-a40e-2dd5969f7b76	Daniel Mikołajewski
46502c9e-31ce-4aac-b125-9084da14074d	Daniel Molina Orta
2ac62b3d-13df-4cab-8e90-c6840c625c58	Daniel Mosquera
ecdaeeee-1a2b-41cd-ac79-0ac895611913	Daniel Pacheco
68f20801-ad10-4cd1-8f7d-fa6c44f4700c	Daniel Parejo
b887f9f6-20a6-4efc-a310-c2277becba88	Daniel Pavlović
a6fb98f9-cd8d-47af-bd25-f940a2b455e5	Daniel Requena
455a414c-772a-4620-bfa1-07a42bc2020b	Daniel Rodriguez
b5ee43ec-eaa1-4e1e-9703-6a5ba5072fa4	Daniel Villahermosa
e34e60d5-1210-4ef9-a83b-064799b77804	Daniel Vivian
a0415a5c-d14f-401b-ab0b-a339cffbf798	Daniel Xavier Semedo
53874ba7-e43a-4bc0-a705-c89c2238d038	Daniel Yáñez
71c02e02-4836-473c-aef9-b7bfaedafb11	Daniele Croce
adcde73d-71b9-4838-a47d-8d9c0f172bef	Daniele Montevago
bc269f02-2a5f-46d1-b388-e423f9dd7fa1	Daniele Quieto
60e70223-c2dd-44fa-9c90-1f0527bdf3a4	Daniele Ragatzu
c826a5fe-c4ce-4104-8c23-62cad0dc08dc	Daniele Triacca
ac4b3f16-6326-4249-8dd6-199dad6e125a	Danilo Larangeira
50f2d01c-60ca-4696-a1fb-b62cfb518b21	Danilo Santos
2af39d84-9a19-4173-a266-99c1d364f067	Danilo Veiga
bb113f66-1263-4ac6-8635-f33d682abe6c	Danny Imray
c312dfaa-d6fb-49cd-bf0d-b5259c5364bc	Danny Loader
53c06d14-3941-4f9d-b395-a57146edb364	Danny Namaso
1e3d84fb-946b-4e79-9589-d8c9bc2680f6	Dany Jean
833e5c52-45c9-41e9-8f2f-f619e88c7af8	Dany Mota
f6b72177-abdb-475e-a4f8-e188733274d2	Daouda Traoré
3f7fb4f7-0f9c-4b0b-bb98-77d6a771e3f6	Daren Mosengo
5a4634f4-3539-47bc-adaf-cabdac14d594	Dario Gebuhr
9141b51c-ae5c-4505-949f-1f728fddd8bf	Dario Šits
871b0478-ac3a-4db3-b1b1-f0a815d6ff60	Dariusz Stalmach
418b8e91-9067-4df7-b234-dfac5bf5ca79	Darko Brašanac
bce81c8d-4ed8-46ab-b4e0-84291f7a9f4e	Darko Gyabi
58dff81f-101b-4e7e-9246-a7d6bd3a12b7	Darlin Yongwa
3a798c2f-4ce5-405c-a958-5ee6ccfe26ba	Darryl Bakola
784581f8-286e-4419-815c-0fad969f7fa8	Darwin Soylu
46d7ce96-f4a4-4147-9490-9397348fec3c	Darío Fuentes
a91c9845-3cdc-4941-9c28-c697e7d3cee2	Darío Poveda
6c75dd82-0adf-4ec3-89c2-e1d320d13f9e	Dastan Satpayev
b2fefa3a-bc39-46bb-a15f-4516758576e7	David Abraham
6913b66d-71fe-4e7b-a34d-9a09ee31c241	David Akpan Ankeye
c0a59424-ee7a-4733-9acd-f4d20dda28c5	David Alba
460a8f21-63de-47e4-9014-963161ed06f9	David Alcibiade
c1863723-b68d-4dd9-b800-681043fe0ea3	David Argüelles
f2aa1bde-74fa-44e0-8468-d9466ff66a2d	David Barral
0af74e48-797f-4b0c-96d0-7bfdcd449630	David Carmo
96b29605-ef28-41ff-8d2d-45ed115d3334	David Daiber
68de2818-bc56-4c85-a524-cfcfdcbfae66	David Datro Fofana
5dc23c6a-3e2d-477a-99a7-b1bb48896489	David Ferreiro
4675eca8-fa69-4c53-be05-6eb83b57ff78	David Gil
8189c0ae-41bf-4c87-8d4c-2d75f17ccad6	David Jiménez
be71e167-3531-40cb-a012-259161db2ddb	David Jurásek
dd41c3f8-d65c-4dfb-a474-227809073e37	David Mamutovic
a7ff038a-0ad6-42f6-b7ea-ff26d2f28365	David Mokwa
9346d53a-fd14-4f86-842e-9faac0264c15	David Odogu
65791fd6-80b9-469b-b881-eac74d4eccb4	David Okereke
1c3a80f1-72d4-4e3c-9123-c0195daff1c7	David Otorbi
18681be1-35db-4fd5-bee1-68d4a779664b	David Otto
e7bfe937-95de-4c75-a499-fc01091149c1	David Ozoh
c3f72ce4-1945-4ebd-a6f0-3a6de8ac531c	David Preu
2aa8c552-c166-4e2b-a34f-298e153d1d38	David Puczka
33801e30-8c4b-4e87-8369-1881dafe19fc	David Romero
4715f1e7-3340-45a9-85c7-ab9bdc7b1890	David Simón
9d1c25f9-00a0-4512-92e1-f12c4f350c67	David Torres
08d72a4b-f6c9-4ed7-a0c4-e49994547a41	David Čolina
64d9ce7f-e020-4b26-9b60-be76da7a03d6	Davide Angelo Ghislandi
36f5be3d-ad88-45bf-9ce7-a86b8647efd0	Davide Bartesaghi
f6210cfa-528e-4193-bbb2-ef9496c3f9e4	Davide Biraschi
72a2102a-49f9-4974-861f-401525c4a9ab	Davide Marfella
9a063f2c-bcda-420e-ad20-226a778c2f68	Davide Riccardi
4df7e5e9-e9d2-43a7-a743-637fa2d6d3b6	Davide Veroli
dff2a1ad-f302-4b97-95a5-afba93c2f959	Davide Vitturini
ab28cd78-d16a-49fc-b548-d915f434a0ee	Davinchi
553a20bc-6113-4724-8e6b-cb0a8722719c	Dawda Camara
55be5f50-fd02-4ad6-9d44-12188bbc049e	Dayann Methalie
3e66b34f-9a16-4f2b-99f8-008f8e0627ac	Dean Huijsen
b1a874ad-ae95-4e6b-991b-56fb59d31ce4	Dehmaine Assoumani
c964411b-7004-4a4b-9ff2-cb54061aa8f0	Deian Boldor
8d03f023-e2c1-4ec5-ae81-a489f36fce31	Dejan Joveljić
ef688b6c-91aa-4046-919a-07dbcb5a2b44	Delano Burgzorg
f5e54287-f154-4df6-9d7f-48d24df822dc	Demi Akarakiri
0f6d63d1-ca5c-42f4-818d-3ef1c47f71d1	Denis Huseinbasic
7846a1b3-fa40-4743-85fb-5a74018cefce	Deniz Ofli
c1749806-5b47-4ce1-9495-56fe31388c0f	Dennis Borkowski
37559484-d2b5-41c7-8f10-cd0c2583f500	Dennis Cirkin
531f90d1-b34e-4cf6-b61e-a21fc24285bd	Dennis Eckert
b7cbdb39-8219-42f5-9a6d-bbb314d3e11d	Dennis Geiger
c3b8f208-440e-48c7-8923-3298d7a4c3fd	Dennis Jastrzembski
2d80d009-1d2c-43ab-9aee-05dc62b3d25f	Dennis Johnsen
331efe59-4d57-4d5b-ba4d-48e9559453b0	Dennis Smarsch
b71726fa-2ebe-40e3-87fa-b671a3dd7a47	Dereck Kutesa
8deeced5-55d5-4ca3-a208-d348cacde45c	Derek Mazou-Sacko
e0f789d0-474e-43fa-a82c-3f66cd4bf210	Dermane Karim
e4b4640c-a124-4d18-8e0e-4adebbe69678	Derry Scherhant
52806ebe-33ae-4da0-8f13-406f120ab289	Devis Vásquez
21ba45d1-c3a4-4efa-b4a8-89cff0fec0b3	Dexter Lembikisa
c0933af2-2115-4e57-b9c6-a76de2570b79	Diallo Guidileye
1fc46ec6-a375-426f-adf2-e46d48ee36c7	Dickson Abiama
e7efd434-0333-4ab5-9663-f23c84043adf	Dickson Nwakaeme
ce06cbe3-8085-4c39-ba9c-26370752187a	Diego Aguado
5ce70fa8-0613-43f9-85ac-539e682e8972	Diego Barrios
8376d3a7-6000-439c-947a-64d5ba016c6f	Diego Collado
89fac7e8-d922-45ee-8034-42055864bcb8	Diego Costa
239cfb4b-91be-4810-bd7d-4ff30348734d	Diego Iturralde
fa24856e-1190-40bc-b8b9-900ba1b559a6	Diego Martín
2e53b0c9-1100-472c-83dc-7b30246a7835	Diego Mascardi
a0e85951-3f58-4117-9ab3-c34f27e873a8	Diego Morcillo
ead797dc-980f-477f-8e5e-115c680a03b9	Diego Moreno
31bffcdf-ac29-4645-81b8-86755cc8918b	Diego Méndez
d05ec843-54c1-4aa2-bdc4-c46c0ab832f4	Diego Pampín
f35b070f-3d77-4866-8916-a6f948728dc9	Diego Pugno
a3e40f9f-baba-402f-8c63-24d1aa066eff	Dikeni-Rafid Salifou
602d0924-6889-4536-9e65-36542cab7ede	Dimitar Papazov
859555b3-5297-42aa-88d9-6f821e8f7d10	Dimitri Bisoli
0d6d31af-ef6e-45e7-bc7c-7b9927bc2884	Dimitri Cavaré
4a98c0b9-249c-4830-bcf6-1e9998d8b3b1	Dimitri Liénard
012becba-266a-45b3-acc4-f0294906c893	Dimitri Lucea
03f8e5e4-e061-4aae-a710-23680f1674ae	Dimitrije Kamenović
4b00c7e1-5e95-4fe5-9c47-e5db4a638cde	Dimitris Limnios
bf2e352b-60f2-4389-ba58-6ff867ede4b1	Dimitris Nikolaou
ec4e25ef-7523-4437-af0b-3e6b26aaef41	Dimitris Siovas
d312e2a2-705a-481e-893c-bd6ee3e85dc1	Dion Ruffo Luci
6784a8e1-8fd2-443f-a008-26240f116f14	Divine Mukasa
6c3f90f3-9349-43de-baa7-afcdc16b26df	Djamel Benlamri
183f2540-e5da-4236-83ec-f2cc5af393cf	Djaoui Cissé
d5da9e73-c357-4f4c-ae99-151c12114ace	Djeidi Gassama
8bcb16e1-6a38-4b37-a5fb-fbfac0698a48	Djené
ec03e353-10e3-4dbd-8b2e-24d28a2d0853	Djibril Coulibaly
d0b65920-2cec-4421-aeff-108e41b76acf	Djégui Koita
a5fc939e-9b26-4f7a-980b-42c6bafb3c23	Dmytro Bohdanov
09fc9e5b-f487-42bb-9138-73d6b766c837	Domagoj Bradarić
6b90b1cc-0a48-4665-91eb-31bb5dbac583	Domingos Duarte
c4ef593a-a712-472d-a8b8-b56401211157	Domingos Quina
71eeaa8e-2d21-4471-8793-ed22ea5e4c4c	Dominic Ballard
70f86487-ba66-4ef6-b993-40170a081af3	Dominic Sadi
84021799-ca28-4d69-beca-8af60764d623	Dominic Thompson
3b06f1b4-6f2a-493d-bfb5-25f8e9d3f930	Dominic Vavassori
01dbf165-0eb4-4d76-923e-6c458c110ece	Dominique Heintz
97b5bed3-5aa2-4eb4-8ee1-568c07e4faac	Donald Love
3063d5b0-7e72-462b-9285-2acfc10f802d	Doğan Alemdar
a42d1486-47a6-4fd2-81bb-2193d39f1391	Driss Khalid
ac98ea97-0740-4255-9706-c9201b66d1f6	Drissa Camara
660877f4-7574-4432-a5c6-7a1c3da047e2	Dro Fernández
e2c7cfc4-358c-446a-ab43-b3bd7aac73a6	Duccio Degl'Innocenti
6f7d91b3-d86b-4b41-be5d-21ac0347694c	Duk
ff4ab0f7-1e97-4ce4-8a78-a22d7bbd39e7	Durel Avounou
49dd87d5-7bb4-4190-9b7d-4211956a7358	Dušan Basta
88a13718-6f58-4bb6-a31d-e228005ee250	Dušan Veškovac
f083fd2a-fded-4278-80bf-73e2ed63b98f	Dušan Vlahović
f0564e42-2d91-4dfb-bd9c-813e228ecfa7	Dylan Bahamboula
95583756-b7ab-4cb2-b181-a5a7b19aec30	Dylan Bronn
6cb43288-4660-412e-a51a-518f0884f6bc	Dylan Lempereur
545661b5-8e9e-40cf-86c9-f358186b2934	Dženan Pejčinović
b8831709-7223-40eb-b116-979c98323461	Ebenezer Akinsanmiro
9b994005-2bdd-41b7-96a0-cd835c2e9c8a	Ed McJannet
fcc55891-6d2b-42af-b864-da037a1ecd74	Edan Diop
ebee0cb2-2946-4821-a646-45cbfbb3f01e	Eddie Salcedo
5f8e6f4e-23a2-409f-ac6c-2c9ad9432d45	Eddy Gnahoré
74c3c095-855e-4aa7-b311-ad81cbde0e0c	Eddy Kouadio
674da142-7693-4174-abb7-8c3bb1035963	Eddy Sylvestre
ba7edfe4-9c29-4866-b7f0-af77a8adfad3	Ederson Moraes
558723b5-ccf6-4b25-bd11-8588abd922a9	Edgar Prib
f90741a1-f256-4c8f-a11f-b9c49f4195d9	Edgar Salli
982afd5a-949f-4157-8a92-1ab97bbca220	Edgar Sevikyan
cd672e9c-ba1a-4d43-a048-cb52a7823797	Edhy Zuliani
59ebedc7-af3e-46e8-8882-74829028436d	Edmilson Correia
6eb729d9-fe26-4938-82c7-20d0a4fc4947	Edmond-Paris Maghoma
78bf0969-5ef8-44eb-902a-f4cdf17f36d5	Edoardo Corvi
83531960-7b8a-4980-8611-d5a6e9902a47	Edoardo Goldaniga
b4642374-7ed8-47ac-9825-a5fdb7ecbb82	Edoardo Iannoni
ec536fa1-0506-4ece-a9c4-6bd9d4df0bd1	Edoardo Motta
31d51474-9b8b-493f-afd0-c32a3e575688	Edoardo Vergani
6e619692-5200-41d0-bd75-59caa72747eb	Edouard Michut
db17c8b2-af99-4c8b-9f8a-02ca07011f37	Edu Expósito
2cefb787-d1d5-4206-a85b-af19275fdf0b	Eduardo Henrique
ba3ca523-dcb3-445f-b308-b1a8344b8b3a	Efthimis Koulouris
a8e5fb81-2096-4a0c-a998-4263e898c495	Eivind Helland
c0b8fe2e-92b4-4db8-8ce2-7eca9e7755a8	El Bilal Touré
0159eb32-77b2-413d-b5c4-6ad84f92858a	El Chadaille Bitshiabu
914b64b9-0b43-4e63-a7ab-43a07e77553a	Elba Rashani
4f73d61d-8060-483d-abff-e86fa2177edb	Elderson Echiéjilé
2d235956-a361-4b6f-9803-7870c9b726c7	Elhadji Dieye
3f0cf5eb-9737-40cb-8473-a0a7118a2f23	Elhadji Pape Diaw
3d189599-b1ce-45b1-8cae-cb85fbdf7290	Elia Caprile
0c8200c5-0720-40e7-b8e5-637bf40fc190	Elias Bördner
f47ef23e-ccb6-4ff8-9d98-db219f70fa74	Elias Etringer
1c852086-9486-4b62-be3c-21a44ca57ac4	Elias Kachunga
c2bd7589-a70a-411f-b5e8-313e762f7931	Elie Youan
1e93dbb8-e919-4154-804b-ebb663fd25cf	Eliezer Mayenda
f2eec731-4e3f-41cb-b081-4148e5633764	Elif Elmas
e8304e5f-7437-46cf-a7e3-d4bab28b7f0c	Eliot Matazo
a53b0d5f-8f57-404e-bf85-c81f33392c36	Eliseo Falcon
fba53299-e775-46f5-a9e5-846ac8bfdc0f	Eloge Zabi
b4e4133e-715b-4a32-a1a6-ed8864406935	Eloi Amagat
5eaa6a84-dfd4-4289-bbc3-c86a573e43b9	Elvis Rexhbeçaj
a04b699d-131d-4a0e-8f1b-f617fc7e435e	Elysée Logbo
03e02647-679e-4bdb-bf05-8d918abf662b	Emanuel Aiwum
888859bb-c7ae-424c-aeb8-f583e167b502	Emanuel Cecchini
700acfc3-f2bb-4871-81a3-cc52f4cb9650	Emanuel Emegha
d7246f74-7968-432f-900d-a16a9b310da2	Emanuel Mammana
8808d628-298b-4b53-99e7-91839cd3f608	Emanuel Vignato
35d8c7cf-ed66-4e58-a0e4-1c43f350f3ac	Emanuele Rao
5a1c1582-0a81-49ec-bd52-228af5d63864	Emanuele Torrasi
126ba934-cddd-4621-b28a-33cc4f2276f5	Emanuele Valeri
e520dbe0-869c-4252-a884-ceabdfdb247a	Emersonn
e2cc5bd2-22d1-40ba-a75b-27722567e616	Emi Buendía
dc7eceac-f901-425b-a6f0-9c79293a399f	Emil Berggreen
7dd6181e-983f-4cba-87f0-480f338214ac	Emirhan İlkhan
67baf317-7be8-4778-ad04-5b1de2e5d831	Emmanuel Apeh
b36d136f-5856-44d1-b0fb-c1ddf8380343	Emmanuel Biumla
79fe8976-7099-4e9c-bbbc-8c93e2435136	Emmanuel Ekong
6285f98f-7ff3-455a-bfcb-88fbfcab230c	Emmanuel Gyasi
d38efb45-a852-4e2a-b83c-02bb061d43eb	Emmanuel Koum Mbondo
674dbe7b-6d8d-4b7f-ade3-4856a9c37fb3	Emmanuel Lago
12f8e02e-527c-4e95-bc68-c5f131b290a9	Emrehan Gedikli
509394df-5565-4b8d-a624-83e89fb531c8	Eneko Bóveda
6e933df3-8c18-4dda-9b2d-eeb4a16c8e4d	Eneko Ortiz
f70521ca-9946-4f9a-866c-3332a3fde5bb	Eniss Shabani
0b4da7eb-310c-4815-8b5a-0d6788f354b6	Enric Saborit
d7035153-92bc-454d-94ec-98862a261153	Enrico Bearzotti
e25099d6-4eef-47e1-92e1-32c475e3a4e3	Enrico Delprato
88cda486-ff2c-41c7-82ad-0994593970e7	Enrico Valentini
b504aceb-8fff-4aea-a13d-ca9a2ad0c662	Enso Gonzalez
4804476f-6c7c-44b6-b80c-6f9f450cd55d	Enzo Barrenechea
c993e0a7-aa7a-4e61-98c2-5a85ad800001	Enzo Boyomo
974b08cc-5bbd-4f57-a9fc-2098649f8b2b	Enzo Caumont
391d5a25-f0ed-47dd-8b32-b16265d24ba5	Enzo Koffi Vinette
12463e19-ff57-4b17-b3b3-484c591894d1	Enzo Leopold
4c053203-a35a-4667-b801-0342314496ea	Enzo Loiodice
510cf318-65d1-4d19-ad93-909dd46fa1b2	Enzo Molebe
5b0e1cc3-cc2f-4d87-9fa4-d053f234abf1	Enzo Sternal
1cec7736-ea7c-481b-ad12-c82b5fd8eca7	Enzo Zidane
95ba87e9-f06f-4903-b43a-229918411571	Erawan Garnier
8f4ba34f-958e-4f6d-bb97-3b7b25d9adbc	Erblin Osmani
09b2d840-3b46-4e26-b2e7-29400d073bcc	Erencan Yardimci
ce6d86f8-25b8-4a66-9e9f-d1611f965945	Eric Curbelo
fb024a07-4f9c-49ca-a1bd-926575f252b0	Eric N'Jo
e822e043-b9c7-4f6c-9ce4-678633917921	Eric da Silva Moreira
941c1ec5-a5b3-4053-afb0-ec7680b3b325	Erick Cabaco
3266c7e6-1646-4464-a2e1-1af8c4c9ed97	Erik Expósito
e807068b-6ccd-43f5-a2aa-202b777b088d	Erik Morán
a64ad11a-6443-407e-813b-1e986f4eedc7	Ermedin Demirović
d2b9c481-5fcc-446a-9e3a-6655293d8a29	Ernesto Torregrossa
da05756c-2a60-428d-96f7-4e6e88ea60e0	Eros Maddy
0e4e2881-ecf9-4b39-a39e-3b0521ee1f3f	Ervin Taha
42e92dd7-5ba7-48c8-b137-e68340489a38	Erwan Belhadji
602b0f8a-75e8-4448-880d-c2f3d222cc57	Erwin Koffi
c7996a21-d840-4300-be9e-68cdff8c0e80	Estanis
ba0779e4-1a18-4031-8234-a704fa3f9003	Esteban Burgos
41a18471-d7b9-4d5d-8ecd-1285435431ca	Esteban Lepaul
8358e534-f2f2-4040-88be-3ad44d77818c	Esteban Rolón
c9ce6e3d-86b1-4848-b71b-456b696d85be	Ethan Brierley
972d2db8-0001-409d-adc5-5d1752fad2dd	Ethan Ennis
c643cb83-0234-43a7-a000-b624310c0a1e	Ethan Mbappé
f59ddb61-cdfe-44a2-a579-ab7e3a70acf1	Ethan Meichtry
7dcdd2be-3ec1-4dc1-801d-05bff78a8a6f	Ethan Wheatley
1ccfe30b-1f4c-4099-8a1f-eda1be33d2b7	Ethan Williams
c4dee696-afbc-42f3-8780-f5e88ff311bc	Etienne Eto'o
394df720-e2f1-4382-8cb1-1ad88805cbfa	Etienne Youte Kinkoue
6a6de066-462f-447d-a526-8116bcca2b47	Evandro Goebel
3013659f-1a3d-44b9-bc1a-e0b8437bad3e	Evens Joseph
e9e0c861-e393-4305-a590-d27494ec1589	Everton Pereira
cdef4988-206c-49b2-95d8-dca309464ae9	Ewen Jaouen
766473a8-5810-4d6c-bbce-291d007a2e5a	Ewerton
0d092691-bb7a-4e4e-9fbc-9f1de2e2653c	Exaucé Ngassaki
02015bef-11ad-4156-bc36-42ecefd6f5ae	Ezechiel Banzuzi
4420cc66-08bd-4f54-923b-7970d138263a	Ezequiel Schelotto
3ec8d633-fd45-432e-aed0-509435801da3	Ezequiel Ávila
45f5c3a3-5e2f-4056-baa7-e0b8d6cd999f	Ezequiél Fernández
39b18fae-5e64-4894-9440-ffd54dc086f5	Eñaut Mendía
18c4c1f0-51b0-4362-842d-3716d23bb179	Fabian Kunze
fbd4e71e-4a31-4f27-8781-f85331739cda	Fabian Rieder
4158a3a5-213b-4e7a-9b5b-3efc14cec335	Fabian Rüdlin
33a925b0-920a-42d8-bdfe-0aaa19dd23ed	Fabiano Parisi
4dcfe5d0-c797-4c97-8c79-5cae206ca8b7	Fabio Baldé
6e568729-48fa-4e7d-8593-b95e80b41319	Fabio Chiarodia
79dc07d9-4351-4dd2-934c-3e100c151b35	Fabio Depaoli
a34d83a3-d759-499f-863f-ee9de4d2da2d	Fabio Gerli
e04ae86d-2f04-48a7-979c-21f77e9a2b30	Fabio González
7ad3f8a4-6c99-41f1-aca4-9482961e9f15	Fabio Gruber
df847d4c-97a8-4ebe-aeab-6a972d6e67d1	Fabio Moreno Fell
8ac0424b-8783-431f-b5c6-0616bfd7ae35	Fabio Pisacane
7d8fb212-6a07-4252-abdc-527bde359353	Fabio Torsiello
8258cc5a-c093-47c2-878e-3460611e82ec	Fabián Orellana
f1376147-bdd9-4236-9e90-1e19dcede618	Facundo Buonanotte
e0ab7b14-5fc4-46cc-93ab-f579e194bbbb	Facundo Garcés
9f477bd9-7e1f-40dd-bed7-82060ce4ca73	Facundo Roncaglia
cd614bd0-6eb2-4fc7-aa53-b9edd5b0712c	Faik Sakar
555c42eb-e1df-4009-852b-da2cc6820b75	Fali
6f492163-6378-4e2f-b06b-97a1a8343d85	Fallou Cham
9db0aebd-674c-4491-acc1-43601d68a31b	Faride Alidou
6c6199ce-d181-42a7-9705-28b145219608	Faris Pemi Moumbagna
4231dbcf-ec3b-4143-aba7-d7950e4411f5	Farés Ghedjemis
ba35c266-f29c-4d01-b152-147993d2b9dd	Faustino Anjorin
36a47609-4972-4050-8621-041cf0f7cff6	Fausto Tienza
6092b77b-cab5-496e-a326-4ebca2cffe52	Faïz Selemani
fd3b701d-3587-459c-a289-c96baf58daa3	Fede San Emeterio
c23e6828-2e7f-43c5-aace-a99d29ddba1f	Federico Accornero
617861d2-b039-4f4b-a041-33ad3aba66aa	Federico Bonini
f8a0eb2e-d0b7-421e-800a-03da236f910f	Federico Brancolini
295e18c7-f074-4a62-b92d-8c934c0b9ed1	Federico Cassa
34ad1a1b-a511-4fd8-b3e6-47f9a1e62715	Federico Chinetti
5cd8cbb9-93b8-471a-88c4-000e32d91431	Federico Marigosu
34ecad43-72fa-4076-ae88-36bae490c31c	Federico Mattiello
6b860122-56f9-4f7f-8e99-1706bc59d0d0	Federico Palacios Martínez
c27bf041-ba33-4aba-8767-4b06f4f8a6d1	Federico Ragnoli Galli
7fe02e6c-e3c2-4191-93c2-f69f4dff9111	Federico Ricca
d5b190e9-6830-41da-836d-ac6cda5a390b	Federico Ricci
675efae5-c4bf-4746-9a1d-f47775d170ed	Federico Serra
48778ba6-37ff-44c9-9d5d-706997156b2f	Felice D'Amico
4aacd9f7-e73d-4718-b707-f1efa7164115	Felipe Chávez
142088a6-b78b-4b1f-a751-b9273ab48158	Felipe Curcio
6d5ba738-893a-4309-a3dd-66e76fb36f91	Felipe dal Belo
ec260004-4597-4dd7-92f1-3a091bb26d21	Felix Afena-Gyan
cd26cccf-fd79-4977-a8fc-23d73f366995	Felix Agu
4bf32994-ab29-45d7-9099-2e5c4fe498e8	Felix Garreta
5faac794-7ef7-4502-ac0f-57848e3bb265	Felix Götze
1dadd1bf-503c-4058-83df-f05ec85886b9	Felix Mambimbi
9011fedc-3ee3-49d2-bcd9-371defe7f757	Felix Meiser
636cfe4b-d250-4e71-92cd-546c64deedc4	Femi Seriki
6898b495-d4d1-41ee-bf9d-8a5f3c40bac7	Fer Niño
a8eac5bb-2954-40c4-82a8-32bcdb53762e	Ferdi Kadioglu
eb1dfa1c-cf39-429c-bf04-1ae2d7a6ee35	Fernand Mayembo
61ac167f-742d-40bb-a0e2-f9867e5abcf1	Fernando Calero
1b9b4d93-3cdb-4c34-adf8-111937eefde8	Fernando Medrano
38a45803-099a-4366-935e-fde3ea9ce7b1	Fernando Navarro
44b43a87-4c41-4bce-8bb6-c5d17da190f9	Fernando Niño
997ac325-841d-4d5f-b2cb-fcb392767613	Ferrán Ruiz
ddc1e59a-2c65-4bd4-956f-b54185501959	Filip Jørgensen
765b6488-a981-4f1c-a2bf-9c032f4d811a	Filip Kusić
ac436c14-83db-4d04-af65-a7f82c986e8c	Filip Lesniak
63750e07-c5d6-4cda-b717-a03a232a31a6	Filip Malbašić
8df703d7-784a-4645-8a42-f016bd4d7df1	Filip Ugrinic
ae9986b3-67d4-43d0-8651-8560aa4df5f0	Filippo Bandinelli
a4b160c1-2729-4faa-9283-a48b13fab202	Filippo Carbone
b0f25d27-6c98-4a53-a267-b9ade4431ad2	Filippo Delli Carri
a4eca5ef-142d-451b-866a-bc6a37f4f313	Filippo Distefano
2cea678e-2368-4697-ae22-7cf73e76005e	Filippo Falco
ca10411c-7811-49d1-bd54-a143590b4287	Filippo Mane
06113079-0619-4736-92fe-b1b5201a5429	Filippo Melegoni
de194f7c-9522-489d-b8bb-1ba48733e9e9	Filippo Missori
4f8554d2-5ec7-47cb-8097-128a00dcb894	Filippo Reale
3bf99cb8-f1c9-46a3-bc20-2af1606fd4e9	Filippo Rinaldi
46e87539-6ae6-46e3-816d-0a2a8cab01d0	Filippo Terracciano
0a1004a6-1aec-46b1-94ce-a5d401955e8e	Filippo Tosi
0f1d5a26-6140-43b1-97e3-59c38696d9ec	Fin Stevens
94695385-71ea-4a2e-af58-afaeca685174	Finley Munroe
128aed4b-beb6-4a57-bbc0-e00c80fca3a9	Finley Stevens
22cd1c61-3717-4afc-ba0c-242a55db51dc	Finn Dahmen
c01d9b4e-1a93-46b6-9fd4-b490a8a8bcea	Finn Jeltsch
e9f3bb46-7cea-42c3-af9f-0438ef5cd0ba	Finn Ole Becker
beb712b1-fd42-4048-89f1-fe44570d6ffd	Fisayo Dele-Bashiru
86e4eaba-e9d9-4534-ae7e-38d868dacc9a	Flavio Junior Bianchi
d673f23c-1498-4cfc-ae1a-d865575d8f5e	Flavio Paoletti
c2a25355-f0bf-4413-a268-19e2633db55e	Flavio Russo
955cffd5-6888-417e-ae16-1aa803daf423	Florent Ogier
4c75bab8-9446-4a2a-b6a4-656e5f85819c	Florent da Silva
e3e7881f-17ae-4a79-9b84-20c76e08beef	Florian Baak
2bff66f6-babd-4f32-a7ff-1e93cda8834c	Florian Chabrolle
1e198b22-2cb8-4ccb-8180-4a4a24bfdd52	Florian Dietz
66c7bbf7-25b6-4e1c-9302-314775e6f702	Florian Hübner
b24cf28e-d4ab-4a43-97e8-34e76e422d7f	Florian Kastenmeier
0bcdc8fc-b64a-420c-af5c-40003e301ab2	Florian Kath
1e077cf0-bd16-4aea-a23c-0db1daa5e956	Florian Krüger
162d4948-e6ee-4db3-9b2f-cd7a9f776b33	Florian Mayer
5e39db06-6cf4-4cbc-96a3-6b951d5ac5a8	Florian Micheler
d6cc3b76-7ca0-4501-90e4-7fd54b8eb2a4	Florian Miguel
2e9d813a-e8af-4ec2-9128-1b293165f5cf	Flávio Nazinho
1f482ca6-e14a-4f7a-b5c4-49c1d56ca10e	Fortuño
a2db3c82-afaa-4cb6-be7b-7426d031fab0	Fran Delgado
0c0f5a51-d798-46fe-96f4-d36c6a7fc280	Fran Garcia
ed3e4cc6-4091-4cc5-b658-73fefb5092f3	Fran Gámez
5e45c111-7084-49a1-9902-ce8c311a919d	Fran Rico
1bd6a2b4-31db-4595-9861-7d574bea6cea	Francesco Camarda
5118cb18-d7b6-4ec1-8018-32894df17cba	Francesco Cassata
3ea35cd6-1c50-4603-930f-62b535907d49	Francesco Coppola
1b93eb6a-9e4e-4145-91d5-c1a30d3a656a	Francesco Dell'Aquila
997a9e25-c630-4380-8bf3-2ff48516330b	Francesco Di Mariano
380c0da0-447f-46ee-b7ad-0e600fe42cb1	Francesco Di Tacchio
250ba5cc-049d-4298-8f10-e55c42de76f4	Francesco Esposito
3c892975-c57b-41d2-a4f6-18b8f7b69055	Francesco Folino
3528dc4f-09da-482d-83dd-54e9e3bd8195	Francesco Forte
228c81ba-5b91-4aba-82c7-cb3f78feb69e	Francesco Gallea
d4bcdccb-a3ea-446a-ab48-245b19f2e85a	Francesco Magnanelli
3f7c39cc-819d-4bff-af18-f434535952a1	Francesco Migliore
bf344879-18b5-4c6c-9a5f-727ce1867ae7	Francesco Verde
b37ccea4-5c2a-451c-b5df-18f36783e83b	Franci Bouebari
b69dcbf8-a027-4fbb-9bf4-993a65391dd5	Francis Abu
14261253-5e13-4470-983d-4ef223f87fc9	Francis Guerrero
8f02d118-03d0-486e-9fca-a0f87d9de6e8	Francisco Molinero
cbdf9010-005d-4629-b746-aac52adc3a07	Francisco Mwepu
d0243a44-afe8-4c48-93d5-c36d8a874525	Francisco Perez
92864517-60f7-4ca3-a214-52454c61735a	Francisco Reis Ferreira
8c49531f-0d36-4c24-9b67-6aebd6edb5c5	Franck Béria
d1243fc4-f4cb-451a-a78b-5cac8594425b	Franck Evina
f0a7e79f-5e01-413c-9db6-525960a70776	Franck Honorat
e61113e2-3d67-4b51-b43b-90568b5c6a8b	Franck Tabanou
34063dfc-6e27-49ea-9a2f-fe7bdd4e7950	Franco Carboni
6732897a-8803-44f8-a18a-53417db8574c	Franco Israel
d3572e24-4884-4ea5-8f7d-8574f1273b9f	Franco Russo
8d187fd0-a2b6-44ff-a3e3-e634c792cb17	Frank Feller
6d8916c1-9796-4eef-9a23-bef5beae3d1a	Frank Tsadjout
59b05cca-a6ec-4909-a73f-7a07777c0364	Frankie Runham
829beafd-906e-4120-aa7f-26ef7cbac7eb	Fransérgio
0df57d95-45e2-4bf3-81bb-97551e2cc843	François Bellugou
9fd9a1e8-7332-4e30-8cc6-e8d8edec219c	Fraser Hornby
6dffc242-a3d5-49e0-91c4-f6a9813ddbcf	Fred Onyedinma
8771278b-eb4e-4fe5-a1e4-b628bca8b51a	Freddie Ladapo
d28c9f08-f499-4dff-910b-4d978b9e5bf0	Freddie Veseli
2b415814-30bd-4b79-b376-1a6364f0d573	Frederic Guilbert
a15c5c6a-8def-4c60-bd14-f012c94435a9	Frederik Winther
c5af5df1-ad13-4dd6-868f-cda190d13703	Fynn Schenten
1a2dfcf2-5427-4300-aaae-538524c52641	Fábio Cardoso
74419bb4-8181-4282-95b6-2a5ab3c9ab02	Félix Correia
93269288-e949-476d-a4bc-a4f339137522	Férébory Doré
738eed2a-9b25-4f0c-a8c9-0b5d0774a6f6	Féthi Harek
20e1b69d-889e-4e5e-8900-0bd18d25aa7c	Gabin Bernardeau
3edd55fa-d7ad-4611-9622-43fd0de5b17c	Gabin Capuano
72e80a0d-5192-4ee0-a079-7c404fbbaabd	Gabriel Boschilia
d6cf7bef-f1f3-4efc-a70e-880ca8516e78	Gabriel Fernández
ee285583-fe51-4470-8f59-369e8cb79d1d	Gabriel Osei Misehouy
9eb09924-69c8-4509-9f6d-a02d4e90d1c6	Gabriel Osho
13d9d53c-e697-49b5-8e25-31b2495d5bc5	Gabriel Peñalba
2d1e08b1-a220-4668-b0c5-5ea81f990238	Gabriel Silva
86937135-e4eb-4af8-a1ac-068e0438c5ea	Gabriel Strefezza
aafb0e9f-1b29-4fe1-8849-af0ddb45db30	Gabriel Veiga
df181ef7-1f29-4076-aaad-5f356b7225f1	Gabriel Vidovic
9333ac4c-4825-4ed6-83fa-710aac7c4389	Gabriele Bertolini
3efb9258-95a3-48e4-8223-304788ed30c7	Gabriele Calvani
705e8623-659f-4d73-82eb-f567a37b234d	Gabriele Corbo
1a3ccd79-f86f-4b4f-b50e-54972b88fe5c	Gabriele Moncini
823403e7-9458-430d-8f03-786545364085	Gabriele Piccinini
5fad7eae-4d96-45e3-99db-1003ce7ed964	Gael Lafont
3d8cea22-6c35-4117-967a-1cc26819fc41	Gaetano Letizia
b3e70a1d-e779-441a-ae5b-33c49e407a24	Gaoussou Traoré
fea3adf1-a9db-4b1e-9262-549a8ca6acde	Gastón Álvarez
755feaab-3dbf-47e5-9702-de53a3e0142e	Gautier Lloris
b33d5233-d67e-4ac8-9924-a5a46fd7e8f5	Gennaro Acampora
b7e4df67-7de6-4260-b058-d6e03055ad4b	Gennaro Iaccarino
95bdfb53-c197-4031-8267-39d1f1119925	Gennaro Ruggiero
b875264d-b5aa-44eb-aafa-635ddf42195a	Geoffrey Acheampong
f0f5f15f-546a-4cc9-9533-3c125d5cf124	George Abbott
c0635f48-ecc1-4a97-aa79-7baf89b022a8	George Boyd
91af9f19-519f-401e-aed2-a8ddb5109e9e	George Friend
33321074-4960-4f50-a2a1-5b551182444a	George Hemmings
7f276058-877b-4808-96b0-19800d401219	George Timotheou
bc396da0-5ba1-48d3-b37d-35a8c4a599b2	Georges Gomis
92dc9ab6-21a3-4413-a53f-b8b9481604e8	Georges Gope-Fenepej
8902befe-b2d4-4b2c-8328-83b41858e7c0	Georges-Kévin N'Koudou
8ffc560e-7969-4cdf-ba29-9a86bebbac2c	Geovany Quenda
6d3c4848-4f87-48de-a626-3afe3c436256	Gerard Gumbau
a9ed8f56-c12c-4518-9231-9e284bbfc32b	Gerard Yepes
02542c0e-2edc-4f3c-b072-8d5aadb64cf5	Gerardo Fusco
3fc5d874-3fd0-4ca7-8b20-e30082344e89	Germán Sánchez
63f0eb1c-086f-4fb7-a742-98aca3fe42df	Germán Valera
2296fea1-f397-4cdb-a42f-b79ae61f9014	Gerrit Holtmann
2c34fa1c-e2f5-4fae-878a-88d7efe49ef5	Gerónimo Poblete
c58d5c36-7041-4de2-ae23-5ad5d5a0eba1	Giacomo De Pieri
26787480-2783-4fa4-981d-1a82b15928cb	Giacomo Gabbiani
0a043ed7-6631-4f82-b4cb-b484a577b353	Giacomo Manzari
b0a1900e-d9dd-489b-a4a0-b3ae006d6685	Giacomo Marconi
36687292-9083-4896-ad46-0da261d0141d	Giacomo Ricci
d4601142-80b2-48d7-99c8-6a5bacb4f295	Giacomo Satalino
873bd51c-b078-463f-944d-4c4a5791416c	Giacomo Stabile
dac4bc74-09e6-4416-b537-d5d31d2cded9	Gian Crespi
f3f0c95b-3183-417a-84ca-b5b8913dfad5	Gian Filippo Felicioli
a50d5c2e-ee00-42e5-b07b-99d391059a7d	Gian-Luca Itter
48be95dc-2803-400e-932e-8f7b5c54e465	Giangiacomo Magnani
45505f0a-cc73-4fdc-b8f6-ec9b60c1e053	Gianluca Di Chiara
2ecfeab7-efaa-4b48-a55f-2e4ab8338433	Gianluca Pegolo
f0e5500e-cb8e-47de-9406-e436025f55ef	Gianluca Saro
f0ad320b-2c60-4005-8440-e5d0db612d7a	Gianmarco Cangiano
588cf5ee-1f9f-4f94-a366-000402de0a48	Gift Orban
1ee20d8e-d4b2-462d-aba5-7001484ad7a7	Gilles Cioni
bad33a23-aa03-49c0-ae67-5ada021739e1	Gino Caoki
37bf860c-fdfb-41cd-a572-928becf2b0e2	Gio Reyna
e6d11a0e-0d15-4650-9d1c-f1db42b3bdb4	Gioele Zacchi
d89a11e5-91c3-4655-a301-a1f2165048e5	Giorgi Abuashvili
b2f8f1ec-f85f-4a3e-ab9d-7eb44a727c6b	Giorgi Chakvetadze
ebb9727a-b472-482f-afe8-15fcc8705a86	Giorgi Gocholeishvili
1f2e2267-dfa8-4637-881b-019e27adbc20	Giorgi Kochorashvili
53b62c8a-658e-4584-adb8-78a028d9bfa6	Giorgi Kvernadze
2d418592-684a-410a-b235-a60897f43156	Giorgi Kvilitaia
a8d860d8-6517-4f83-9e88-0fed959ecadc	Giorgio Altare
95eba213-b98b-4fd2-8bfe-51e5c6d67520	Giorgio Chiellini
e16512f3-bcb7-4999-b3f4-74c27dc204e4	Giorgio Cittadini
594b582c-ff3c-4920-8211-5a095553984a	Giorgio Scalvini
dd4365e1-5c84-42ff-9ead-7e13e0ae53b8	Giorgio Spizzichino
89905862-08d7-45dd-830c-d3b87bb0caf7	Giorgos Masouras
5c8026e0-c813-4efb-b01b-a4fcc794564b	Giovanni Bonfanti
344f9dfe-01bb-4fdd-9957-a221ff1de853	Giovanni Crociata
e4ac1ff5-5d8a-494e-a074-791206ea95c9	Giovanni Daffara
2919b153-91a3-4a62-8e35-d982d9a80119	Giovanni Leoni
d4a46d87-4988-439d-8697-9d742a099184	Giovanni Marchese
d2df9a10-c0a8-44bc-b5c6-20ee7f074668	Giovanni Volpicelli
352d9566-a316-4425-bc03-dce9918f61c0	Giulio Maggiore
7f709aa7-83fb-42b4-802b-c5a8d890680c	Giulio Patrignani
ccc114fb-5a2a-46a5-a709-afea0e412351	Giulio Scuderi
91492116-8bc0-49bc-9da8-26be7f9b4eec	Giuseppe Aurelio
e0a48d68-f8db-4a31-83d6-2eff4f62bd90	Giuseppe Borello
b31e7551-a759-47a9-b0e5-92398ea3ed39	Giuseppe Ciocci
4b597c90-3329-4ba3-a3fd-380327478d77	Giuseppe Cuomo
753ea086-251c-43d0-86f3-58104033e434	Giuseppe Di Serio
fa3ce750-0799-449e-9b7a-d325240d807c	Giuseppe Leone
b02b851e-b595-4c52-b881-b2fbb96a2a79	Giuseppe Mastinu
142fc6a8-bf42-436c-9919-487faf42952e	Glenn Murray
1613f775-7bba-4dda-a083-cc94c3824afa	Godfred Donsah
77c05b35-1a43-4894-b7f4-d4ea78b7f8a3	Gonzalo
c9b3c178-b01c-4f08-8aac-a392d2d31757	Gonzalo Escalante
4290f545-44f5-441c-896d-2e980cc4b881	Gonzalo García
e4a482dc-b886-4d4a-8ca1-9900e0fdc116	Gonzalo Maroni
53c35dcb-cbaa-4a9f-afb8-893b88a36081	Gonzalo Melero
7d273f4d-062d-467b-8444-0dc875107d42	Gonzalo Verdú
5b9b4ff3-b3ce-46e2-91d7-2635a3f4d609	Gonzalo Villar
813c0e93-dcde-4e05-8a22-6fb00f2f5c15	Gonçalo Oliveira
54c49ca1-b2c0-479b-9432-6b3b39e1861b	Gori
ff95656e-6284-468d-864a-3f360ec508cb	Gorka Carrera
383e49bb-d9f0-4339-aa31-9c73ae63f4db	Gorka Guruzeta
bb56638f-5937-4fdc-a3b6-fccebc619e05	Gorka Rivera Alonso
cbd848b3-5787-47a1-b9b6-de8e0ff4bb2b	Grégoire Defrel
77df821c-0cc9-40bd-978f-7cd72044a93e	Guido Guerrieri
bf40053b-2205-449c-9292-500fcb7e205d	Guilherme Ramos
873a42cf-7167-474e-8bf5-04aa313cb820	Guillaume Dietsch
d491877b-cd24-4795-95a6-719dfbbd836e	Guillermo Maripán
e971b194-5671-427a-ba63-331c1ddc28da	Gustav Isaksen
07e8f10a-83e8-4c22-92aa-e496d7b9286b	Gustavo Cabral
58d7748c-145a-4592-bff3-013d1f66626b	Gustavo Hamer
ff300b59-a2aa-4352-93b8-882a7519600e	Gustavo Nunes
9fd4e498-36c9-4acf-a124-19018475837e	Guy Ngosso
341eb26d-802a-4f2b-9dba-7de9f6ababd2	Guédé Nadje
cb20708c-c44e-4e7f-bc4d-fddcc2d64ffb	Habib Keita
d0ff1c8a-3b71-4ed1-9e84-36b2b83e75d7	Hacen
65e0f957-281b-4891-981b-53edd5c74a1c	Hafiz Ibrahim
b5c07e76-cef2-49f3-a3e0-7c54d748219b	Hakim El Mokeddem
b41f3b0d-5e34-44dd-b5e2-7cad9e1f923a	Halid Šabanović
8844e70b-68f2-40b0-b4ea-f881505ea217	Hamed Traorè
1add0ade-c258-4e39-b739-db19d66145ab	Hamidou Keyta
1cda7ef3-48ea-4acb-b050-aa77e92d8ef4	Hamza Koutoune
f69f9920-1346-4ff3-af7c-bb15aa341b5e	Han Kwang-song
d80dc708-9f86-4ce9-acd4-c501e498ee07	Hannes Behrens
c95eefc0-551a-4fca-984f-2267caa3be5d	Hans Nicolussi Caviglia
2dff9e25-f095-4581-9089-0f3966c1cbbf	Harouna Djibrin
3ab45f57-d877-42bb-b601-1dbfee55c4f3	Harrison Armstrong
59608322-3e8f-4479-9d0e-63670dcc1b25	Harrison Ashby
bcc91cc3-529f-4f59-9785-d0eb2b88431a	Harrison Bettoni
ea5e1614-8203-4890-9842-328f9f575f67	Harrison Jones
5fd738c6-79f0-4fed-a43c-2fef49d6cc81	Harry Arter
3044d841-1b0e-4a17-96e8-adb5abd7e74f	Harry Howell
9ba00caa-6e6c-47da-8e25-67fb82fede4f	Harvey Araujo
0d351ce5-ecea-472f-a346-feff03601706	Harvey White
a09eb12d-e8f5-45e7-aff0-28c6e81377ec	Hayden Hackney
c3e8b0a6-3a39-49cd-86e0-ff5123e9fddc	Hendrik Hansen
6b17bfbb-bd79-4636-a40a-2f994fbcaef1	Hendrik Weydandt
f7e3db81-eb39-4dac-82da-870fb459ccb3	Henri Koudossou
a1883268-6fb3-430b-91c0-122c4052477f	Henrick Do Marcolino
b2154cd0-a567-4a86-823d-63e552047a05	Henrik Meister
7dafa083-5cf2-48a4-99d5-f0b2cf3df970	Heorhii Tsitaishvili
bdcda09a-9ba0-4893-80de-eb1457712c6c	Herbert Bockhorn
f80fb434-a299-4927-9f2b-e60a235aca7e	Herculano Nabian
7f143122-2692-430c-889f-ca22c4436b32	Heriberto Tavares
890eba92-b69c-4b36-922b-b1700e9ae0d6	Hernán Toledo
4c0e8f50-9331-446a-bc31-442808451485	Hianga'a Mbock
2a3eb57b-3df5-4dd2-b3eb-3579205c3cc0	Hicham Mahou
91fb8e80-3112-4982-9a8a-af0421bc4fa5	Hilan Hamzaoui
2cb2bf54-288f-4760-b9ec-6224fdcf4b4a	Honest Ahanor
25d84cb6-7042-47c7-8747-72fe2d8dff7f	Hong Hyunseok
38899778-0310-4cdf-a64a-d9fa5351be69	Hrvoje Miličević
b6647d38-1f7a-4538-bc35-57e463b9d01a	Hrvoje Smolčić
beed1235-e5e1-42e1-bf5f-90b4ca9d98e6	Hugo Cuenca
9eeade42-188c-41bf-bac8-96e0be1a7a31	Hugo Duro
61f1182d-2acb-47d1-bcfa-a53e288ff79e	Hugo García
4178f002-e2aa-46ac-918c-e080b08c1b44	Hugo González
f47e7b23-ed91-4d26-88a6-b30634e5efac	Hugo López
24ee50a0-c76f-4c5c-bd10-2ebb9c64f66f	Hugo Rincón
bf0902fd-8f5f-45ef-b098-e7b9718bdec4	Hugo Solozabal
c2942d00-4378-4ac3-a58d-87eb15742403	Hugo Álvarez
7ad690e9-02ae-4bba-ba91-78780a4d11ec	Héctor Fort
265a1128-4539-4cbd-94f2-2ee2daa5e5f6	Héctor Hernández
b3e9b90e-4aa2-4b30-bc9e-a5b708b70625	Hélder Costa
77580a3e-e08b-4d18-bff6-a6141d52da3a	Iago Parente
3c3a5565-439a-4aa9-9fb4-ab2a55ddda3e	Ian Poveda
9793d98f-d27b-4527-9f9c-68cb203d09fe	Ibai Aguirre
78cfdf61-718b-4b51-9e96-e3538680aea0	Ibou Sané
fbff3663-b2d7-473a-bce7-46272cb72ffc	Ibrahim Alani
d5181f04-c180-4507-8394-b1c9f0d2d4ce	Ibrahim Cissoko
cf89a47f-30e2-42b3-98c4-8b9a60ff3a02	Ibrahim Cissé
75f2fe84-edb8-4db6-ae54-5d25ad38f178	Ibrahim Cissé
14669031-274f-42f2-8d62-1d211ad40693	Ibrahim Diabaté
8617ea1d-f4e9-4a6f-82cc-4cb37d794989	Ibrahim Kanté
07fb3889-d968-403d-aca5-2ce88f1f4d6e	Ibrahim Karamoko
1e859fb1-8cf1-4a08-a217-608628494e1d	Ibrahim Osman
416f7504-941f-4890-929a-fef6ee0abf64	Ibrahim Sulemana
93f5dc7b-0be2-4efd-b2c9-afc7f2bde97c	Ibrahima Diallo
c1507153-0d9a-486c-bd38-e2dc6d629e10	Ibrahima Kebe
b1991f88-f7d4-4ff5-aa1c-6c70db4187bd	Ibrahima Sissoko
b0a9a7b0-3ae5-4b15-b096-f065b1aa7e22	Ichem Ferrah
840e4f3f-da7c-4d1e-a398-b284113ff864	Iddrisu Baba
a643611e-b987-4503-8b93-7e835ba06c7d	Idrissa Sabaly
4d642c94-be08-4627-9855-f50acedcbcb2	Idrissa Touré
70e5bf25-86b6-423a-963f-f5c2cc894912	Ifechukwu Ogbus
09c85227-0891-4876-b0b3-9e3d8eea7668	Ignacio Pussetto
3d95a303-6945-4db1-b217-c076039bb39d	Igor Carioca
5aebb513-152c-42d0-8aeb-9bcd4486a8ec	Igor Miladinović
79ce516f-48c4-4b5e-8ea0-71c967f17417	Ihsan Sacko
5ab49bf1-4b4d-486b-b028-bcec6064d000	Ike Orazi
8f8a56b2-d8cf-4da2-9e61-fda7fa44b4ef	Iker Almena
aaa056a4-87a3-4ce4-81d4-b0d970271348	Iker Benito
80eb474c-e06b-40fe-bce8-a97c0c292ed6	Iker Bravo
1abbd1b4-1c58-4f83-8e92-fd6160bc9bd8	Iker Córdoba
d2c70e9f-82f9-4e3d-bba4-49fba6ecafa2	Iker Luque
7eba5dcd-9b65-478c-bf4f-ddea5d3e463c	Iker Muñoz
7db1338f-8a96-4303-904b-0c8ccfdbabf9	Ilan Kebbal
9db53ec8-5e2c-416c-8f6e-9fc7295fc3a3	Ilane Touré
137e332f-80e6-4aed-a2d8-43733523df82	Ilhan Fakili
a32ecc25-41d3-44e9-b355-54cf80d04420	Ilija Nestorovski
4b8d670f-8844-4276-9b9e-15d162f6a1e0	Ilyas Ansah
73929433-f457-4969-a06c-e0aae7c386a4	Ilyas Azizi
5d9e25fe-57cc-4942-b949-8ead1d6e8dc8	Ilyas Chaira
ec774eee-9318-43c7-ad56-1b3f3a8e1ee5	Ilyes Cheti
e314966e-a22f-40f7-89b5-642f782a0eba	Ilyes Housni
4d5f9823-f1ec-4749-882f-d2ed604d05da	Imad Faraj
d8c5b860-dcc7-469c-b874-a3378d27b84e	Imanol Sarriegi
85af1e0b-eef9-445e-b41f-b2401bea84f6	Ioan Vermeșan
16e54d00-01b0-4741-8caf-38659db5d560	Iron Gomis
10783d81-90c5-4b63-b122-3ae4ef97ffc5	Isaac
bc0f539f-3988-4cdd-bf92-bc75c50f1972	Isaac Carcelen
5ed59643-c2a1-47ff-97ca-5850bbf579a4	Isaac Heath
59b107b6-de79-429b-adaf-6d36076366a7	Isaac Karamoko
532a78a5-db76-43c5-acfe-1b507485d781	Isaac Lihadji
3fa6d92f-8a21-422d-861d-93483aa42c42	Isaac Palazón Camacho
11274ed7-9ed6-449e-92be-fc6a20b843b8	Isaac Price
8a890dd8-d0bd-494b-9b43-0a4aa742c762	Isaac Romero
a09bf14d-bc26-4d2b-94c6-e103ffdc0825	Isaac Smith
fb836040-375e-47c3-97bd-2bf539a0d593	Isaac Success
5af18bee-e1b2-42e1-a9da-9300d36817bc	Isak Jansson
c8b0c45c-d06d-4079-a8c5-f80b96f7bfe6	Ismael Aaneba
3411cdd9-ac45-42c3-8263-3b82b866e819	Ismael Bekhoucha
c63ed84b-55a7-42fc-bd08-83f3372d5510	Ismael Konate
f63e59fd-0e2c-4e8f-98a9-6554f3044df3	Ismael Saibari
3327ad2e-3580-495e-95de-02cfe46065f5	Ismaël Guerti
9682e331-fa27-4f28-9b52-9f3bf014a75c	Ismaëlo Ganiou
86b68362-c423-40aa-9d53-7e964f9d7a4e	Ismaïl Diallo
d5afd013-e1ed-481d-b2c6-ef792ffb1522	Israel Domínguez
0fe6ebe4-7170-4306-8654-fd0e94f2d154	Issa Bah
902c724a-fa47-4596-a145-66278ad4781a	Issa Doumbia
b6d47d8b-3e56-43b9-b960-3984da1306c6	Issam Ben Khémis
631d2504-b6b9-4b20-a57a-2f354ee9491d	Issiaga Camara
4ac2c6c7-656f-47ca-88d4-f23fe04a7858	Iuri Medeiros
02379981-9ebe-428a-a7db-4f1e001bfe94	Ivan Jaime Pajuelo
b769a53f-5b54-4831-82ec-e33ed01e414c	Ivan Knežević
b9487ab3-a058-4556-90d0-3ce15e96d7ae	Ivan Provedel
69fc2c2c-8956-45f4-a63d-e4bbce73c6e5	Ivan Prtajin
e5ea9a78-10cd-4d79-815a-74d76d438c3a	Ivan Smolčić
7477a61a-d118-435f-a7fc-a8238ee00895	Ivan Vargić
98420209-a2be-434b-bfad-3dec1d5b0f69	Ivan Šaponjić
32225ef8-bd80-4df3-8cce-00a52b116f96	Ivane Chegra
d585ebd0-2afa-44f6-b9b2-aa4660ca9dbc	Iver Fossum
fe8329dc-8e25-4275-b68d-bad3795b5cb4	Ivi
28ef1c2f-0a92-4aa4-8dd1-78c901e500e0	Iván Corralejo
d62e4898-fbad-4282-afff-72de91e1349f	Iván López
bbf5293a-07c4-4ad0-bf36-646d74681d87	Iván Marcone
1801767e-e6fd-4076-8ac6-c7922d46a984	Iván Morante
a3213186-0251-4eff-85eb-3ca2e338acc3	Iván Márquez
c17a4983-3102-42a5-835b-55894f3fd755	Iván Rodríguez
63ec221e-21f2-4711-8279-1617105e34fd	Iván Romero
30f9f14c-3dcf-4c15-86c4-cb3086b31057	Iñaki González
e354c8ce-4085-49f6-89e9-431b3c359d9b	Iñaki Rupérez
c41dc150-9875-4874-b9ae-228dcd88536d	Jacen Russell-Rowe
7e3f90cd-8f61-4191-8de6-f5a0273ead3f	Jack Fletcher
85bdbc94-8947-4541-8f33-055a37571620	Jack Lahne
c2fed920-ec10-4885-91d8-f95cc7d7e39d	Jack McEvilly
8cac9dfe-1f97-46f1-8058-f9778f03e4f0	Jack Simpson
64574c84-fb4b-4a98-a79c-2e80dba5c767	Jackson Izquierdo
68e8a46b-7b7d-4dba-bd9e-4c522c1ca8a7	Jacob Barrett Laursen
f1c69e73-f765-48dd-9465-453f87ff18db	Jacob Brown
ff979002-ce0e-40d3-8e55-62378e358b75	Jacob Christensen
c271c1a1-d04f-4f1c-948f-18b5b480a4b4	Jacob Ondrejka
3f259d82-a2bf-49af-a7ae-5d835c88f166	Jacob Slater
ba21b6c1-ce3d-4263-95e6-53817a38ec2a	Jacobo Ramón
b01517bd-8465-4162-a173-6a97e32c8c86	Jacopo Antolini
01b44de5-9452-4eb9-8f7d-ca02eda28cc3	Jacopo Bacci
a48ba7b4-9ec6-4b16-a82a-ed583a556d45	Jacopo Da Riva
5ca69499-28fa-4ad0-851c-6a752659f0c6	Jacopo Dezi
0171a33e-6e79-46c1-accf-5c537fcc44f9	Jacopo Fazzini
93641a63-9dfa-4556-8573-8c6b9ea2ca57	Jacopo Grossi
602165ee-5a40-4f5a-92dd-d7ecfb1dcce9	Jacopo Petriccione
d9d23157-e46d-45a9-940d-02d62919d4b4	Jacopo Seghetti
ed033056-8ac4-4242-8342-d0dc80e4a396	Jacopo Segre
b61655dc-423b-449c-bc01-af81cfdad864	Jacques Siwe
658640cd-1ea6-4361-85c5-d0eccccaef21	Jagoš Vuković
7b5c52cc-5f93-42e2-b0d6-379276192522	Jahmai Simpson-Pusey
a27ab138-c652-44cb-8381-380db9e03018	Jahyann Pandore
436bf144-be75-4a8c-910a-09c24ad552b8	Jailson Siqueira
d447b2c5-2155-416a-9b68-a1a6e1eb7c83	Jaime Seoane
20417047-37e8-4f5e-aca2-6bb5fc006591	Jaime Sierra Mateos
adc5e80a-abee-4331-bac5-1f0330fc95e3	Jairo Izquierdo
0a0651f4-457c-4fb3-a650-979cb04473a5	Jake Evans
ffe97fe9-4ffa-4069-91b0-630e8efd6b80	Jake Vokins
f0865f16-6c14-46a3-8ab8-63df41971e3c	Jakob Sørensen
a3355fae-1852-41f2-ba2c-70e63f0085b2	Jakov Medić
60bc14fa-a308-4a64-b9ba-f9c5b22c8f50	Jakub Iskra
ef05c9dc-0e03-449e-b700-629874b3f39b	Jakub Kamiński
6d2a607d-ccba-4225-a68a-dc55b15ee53e	Jamaldeen Jimoh
f10991b5-ad11-4343-b422-c8bf0f0ca92a	James Husband
f92c011f-df46-4b33-85a2-049e2bde36a0	James McConnell
19cf173b-a789-4db8-a260-2360b957969b	James Morrison
6a852c97-40ca-48a2-a6b1-812b67fec10f	James Rowswell
db26441e-b0d3-4478-b30d-b68ee5efbbd0	Jamie Gittens
644e60f7-40fa-4579-b9d5-4bbd08173d6b	Jamie Murphy
81147696-5d00-44d2-a6d9-a3ffa8d4fafb	Jamil Siebert
1842000f-aaa8-4704-a08a-2c4f8e5240d7	Jamilu Collins
7c007395-8b38-4813-81f3-0d92d3da5a10	Jan Bürger
2d07eef9-77ad-4cf1-86cd-ddc513884952	Jan Leszczyński
c1bb77ae-c899-4ca1-8aa4-106ed890b299	Jan Luca Rumpf
6d27ad01-b598-4da5-a221-90879c7911dd	Jan Luca Schuler
5bc1a79c-c327-4435-9616-3745b2323537	Jan Olschowsky
ce68e4db-a0a7-4507-a6f6-eafcd3bdff18	Jan Repas
42d53ef1-990f-434b-8e62-3ceb7c4b20f2	Jan Salas
cbd4aea3-27bc-4d4b-bbbb-8318540f8183	Jan Schöppner
b76f3ebb-676f-4318-819a-fc6881c614e6	Jan Urbich
673383ec-13a4-4fc9-96a6-6eb33b02f5cd	Jan Virgili
708295e5-be39-4ccf-aeb6-6b41d7055c08	Jan Ziółkowski
661b4645-4d3f-443e-8fc6-6d89fbd2b07b	Jan-Niklas Beste
4d6f7977-e312-4468-9955-b43d934b8f8d	Jano Monserrate
9110819d-9adc-4c4d-98d0-eb6d3227d306	Jari Vandeputte
b3712269-b3aa-400a-9be1-34378a2732d9	Jarzinho Malanga
51cb0009-64db-4dbb-822e-75543bf2c350	Jason Mbock
bc923519-6e7c-457b-9349-f0f8b5ad5978	Jasper Samooja
f6050ce3-fac9-4b78-a8c3-eda61d3a6f15	Jastin García
b3824b80-9e22-4772-9c7f-fc90d4ceac5f	Jaume Grau
85cd5d15-fc08-4714-9d59-4c5d500bfdd4	Javi Castellano
c619c183-da44-4438-92a2-1255358ee8d2	Javi Galán
2df9838c-54e0-4dfd-b8e8-0bf87ff2f3b3	Javi Martón
c39362f5-023a-4505-a46a-ad5e01204e94	Javi Morcillo
e57ee607-1d73-40c6-a3d7-d929b92bc479	Javi Puado
c553f6c6-1c64-487d-b0b7-da7fb88ef736	Javi Rueda
53078146-7e75-4ed4-b2b3-c1e2715eeabd	Javi Sánchez
3c214c1c-826d-41e7-87cf-cc8ecad4dd9c	Javier Avilés
14f5b28e-3c9a-4bc9-8c2a-d235b893531a	Javier Boñar
3f52e44a-e094-4e5d-bddb-3fca66293426	Javier Díaz
808b1ee0-daeb-4e20-b1a2-69ce80b75c84	Javier Flaño
56fc81a0-fdcf-4638-8439-80c41eb9ecfb	Javier Guerra
1c5f3fc6-3915-4cb2-9ec9-97c8a6940c01	Javier Llabrés
18989173-9c24-42dc-b097-9d1c261effca	Javier Muñoz
592e55fa-7cec-4fb9-a376-60e44602c5b0	Javier Olaizola
ee18f4ad-b94d-49c2-a6ea-8be760a761e1	Javier Serrano
bac09c9e-80b1-43a3-bffe-7146a8641a58	Javier Soroeta
3ed6c6f4-78c1-4a51-82bd-3415f69d2339	Jay Fulton
8606a0fa-b03d-430f-ba4f-2eb094316a5a	Jay Stansfield
5400dcc9-d80a-4673-936f-1040d1778b73	Jayden Addai
b99f2115-a356-4b05-afa5-18687744cc51	Jayden Braaf
c109d721-ee28-4a8e-b65d-5480c13a5c25	Jayden Danns
fafba186-6847-4a3a-aa5d-cbe0655677eb	Jaydon Amauri Banel
0fcc9f6c-2377-498f-910f-b90dc986f64d	Jean Carlos Silva Rocha
1c13178a-d898-4f2f-864a-8a529eb71de1	Jean Mattéo Bahoya
7ec47682-0d9b-4b1e-b37b-699b06276bf2	Jean-Baptiste Bosey
ff155c12-eed5-4102-ba61-acda07c142a5	Jean-Eudes Aholou
8b77e760-28ec-41c2-a324-c33c2ee41c2b	Jed Steer
b0cc4bdf-3452-4afd-9ddb-1b24c12b5a94	Jeff Ekhator
7794b7ac-9ae7-46e0-8767-aa956cd1cc26	Jeffrey Gouweleeuw
10c5e6b7-36c5-4576-bec6-36a750fdf715	Jeison Lucumí
b1d002e4-9915-4eb6-84cb-cf30492ed02b	Jens Cajuste
b4eb1f58-3a81-4f4b-b72e-f0f9f826e560	Jens Castrop
7bc0de0e-72a9-45e1-8c3f-b9c2cf37fe8c	Jens Stage
7c176322-8e4b-4b0c-84d5-4df49289f4fe	Jenson Seelt
ab28cda0-0c83-4d7e-a331-268e92f4964e	Jeppe Corfitzen
7e074021-a833-4fab-b386-4316e026f79d	Jeremy Agbonifo
2ae821e9-b34e-464f-a7f8-9e7667b77ecf	Jeremy Jorge
75066276-124e-431c-b22c-5425e3c9c32f	Jeremías Ledesma
9daffe62-a291-4ee0-a9dd-2c21eecd3502	Jerome Abbey
315ff84f-da47-47cb-b78a-e591ecc99b4c	Jesse Derry
ed612d2b-d954-49da-b249-e4030654156b	Jesurun Rak Sakyi
1bb99c72-7d52-4a23-a570-c1927153be19	Jesus Rodríguez
e1e066a6-ffb7-4077-bcc5-dc50708ae82f	Jesús Areso
7054503c-efd1-4e33-ac79-5c88bfe4c6fc	Jett Murphy
20fde5ed-7125-4d50-8916-fa793976ccae	Jhon Solis
acdae88e-2b5d-42c6-b9c5-d4bdfec0fc4e	Jhon Steven
13e6d1ff-a46d-4959-8379-8004ba0df053	Jhonder Cádiz
f9d374a5-cdef-4fa1-bf55-60aeecdebc71	Jibril Othman
7a19d338-da96-43ad-a2bc-b01fd53c7ecf	Jimi Tauriainen
a97c4270-4d9c-451e-a1ad-50c794706b80	Jimmy Giraudon
99bc8e7d-d03a-40a4-8cb7-02eadd30b3f1	Jimmy Kaparos
73f44728-9f8e-4015-b395-eeafd7d20505	Joachim Kayi Sanda
d0c1eab6-19c7-48c9-9be7-a420a1cd7336	Joakim Nilsson
e0628205-4e4b-4ef0-9bf9-24bc58b92b49	Joan Jordán
c2d15e82-5ef6-4bda-b38f-251bcd6844a0	Joan Monterde
0d28e21a-37f3-413a-b85f-3a776153541c	Joan Sastre Vanrell
3e33fbe9-c4d8-4b5f-9380-028cfcb0bc58	Joaquin Sosa
8134bf87-02e2-435b-b9f3-c0bebee24884	Joaquín Blázquez
875630fa-bae5-4706-a89d-7c77d5a89f7e	Joaquín Martínez Gauna
a03ddb4b-8283-455a-8ae9-f370ce760190	Job Ochieng'
923f72be-354a-4e75-be11-a70ef08d6754	Jocelin Ta Bi
0dc25019-db9e-4f02-8e61-cb59be69fc7b	Joe Bennett
d7a83157-33a0-48b4-b84f-b217e15f7347	Joe Hodge
cb40fb8c-26cf-4676-aaea-555232fba7b7	Joe Knight
b8369b7c-2902-488c-be49-898d05fb8969	Joe Lolley
9da2c163-f42f-4f79-8bf6-5052bd44837c	Joe White
e5cac18e-fabd-42d4-b0ca-a387170d3e90	Joel Fujita
a1f71a40-f4d9-449a-8f94-835732ae812c	Joel Imasuen
55ea80d3-6c66-499d-b07a-471d2b850c78	Joel Mumbongo
5baec007-d32f-40da-b87e-a6b4804f1ae5	Joel Roca
9c537168-5362-46d1-a894-93b121c97cd2	Joel Untersee
ba0bfce2-ee82-4d01-bb28-d5e9cae7bacc	Joel Voelkerling Persson
b83875c7-0b02-4fb6-a656-57ecf885f1d6	Jofre
e49ccc61-ba38-4394-8b7e-0a8d64ccc19f	Jofre Torrents
d51c381e-6bdc-4fe7-9fcf-3cdc7db9379a	Johan Manzambi
7d9afbd6-7663-4c72-8a41-b865f7e11590	Johaneko Louisjean
f3193664-3cf2-4194-8c69-cbf2beec918d	John Donald
84613b00-514d-4342-a0ee-ee45e0d5d738	Joi Nuredini
af856ae9-e21b-4979-99bb-35d5228dad2f	Jokin Ezkieta
20d9b7c1-6c29-479e-a505-e52dfecdf98d	Jon Ander Garrido
31bb7b2f-a7bc-422a-a8cd-acec9779aad7	Jon Gaztañaga
457a4f40-c0fa-40b4-9ac5-b4eff4292f55	Jon Gorrotxategi
2bc0c3c2-6729-4cea-b80e-e0bebef98c2d	Jon Karrikaburu
87e63450-b09d-4249-a54c-4b28b7d456f9	Jon Magunazelaia
33ca3422-9b61-44dc-baae-857a54bea36f	Jon Morcillo
0a7152ac-dd71-4cbf-a935-f6db4361d5e4	Jonas Dirkner
ea9893e4-def3-458b-8ad7-63b886fb11c3	Jonas Michelbrink
1f42fe27-fc83-49fd-a67b-27682fbbb572	Jonas Rouhi
4a9d3a32-26d6-48f2-bcec-57340fb3af8e	Jonathan Asp Jensen
3efb17b5-3b18-4587-9f08-358bf2cfccee	Jonathan Benteke
1f0375e0-d9a7-4e2c-a454-30de72aaf9ab	Jonathan Burkardt
868e62db-6292-4f6b-bd9e-6e97a9aa7d0f	Jonathan Dubasin
0f840f5c-d2fc-4cb4-9e27-c317251194ec	Jonathan Fischer
fade7ffb-daf0-4fa5-a22c-9a49fbb0274d	Jonathan Kodjia
905b2ff3-6a08-4f49-8761-f09bb6fb55a1	Jonathan Norbye
98408348-a8c2-4a30-a1d9-275f4aaf74d5	Jonathan Rivierez
44c46381-856a-4a90-918a-97cec3bd388d	Jonathan Rowe
e46776f5-2813-489e-bb80-4ef0ca6c3fd3	Jonathan Varane
48ccebd1-7b4b-49f0-a1f0-ca70ac03861f	Jones El-Abdellaoui
449382e3-3d2a-43fc-831b-ae13d586b2de	Jonny Castro
43cfe697-c2de-4ef1-8215-9692dd2b1a2a	Jony Álamo
2ef3d117-be37-4f07-8b2d-a7134eb06f9c	Jordan Dongmo
dbaa702b-7eaa-4965-9580-b991417cca6b	Jordan Holsgrove
f8e3770e-9d44-44a7-890d-c0f9575a627f	Jordan Leborgne
61198071-9c39-4157-94ae-598b6e059c36	Jordan Majchrzak
72aa7c0d-e3bf-449b-9ddc-37ca3878b2e4	Jordan Thomas
2436006c-64ca-423c-af81-8cd17dc9656e	Jordi Mboula
bfe365ae-c9b5-4946-bcdc-fd0d8b1d42d4	Jordy Gaspar
c2c460e1-bb06-45bc-b8cc-5e99e4b72640	Jorge Cabello
794ef7d6-7436-4525-a91a-59ca71156e8f	Jorge Cestero
4f0af2b8-f595-4e28-b7d5-a3dcce9d8b46	Jorge Herrando
d5eb3523-f3c9-4e83-aeee-ee1a9206b5f3	Jorge Montes
6f6a1dc9-406e-4c39-a596-66d2ef7cf866	Jorge Moreno
1e41b8d0-6e68-446d-bdc3-c15bf68706fc	Jorge Pulido
faf08abd-baec-48fc-beec-70addf5dc10d	Jorge de Frutos
c1b29863-6dcb-410d-afa4-5ab7af350161	Joris Kayembe
beb7982b-b020-495e-8e4e-28d16b8fff3a	Joris Marveaux
a9ae28c7-8978-4b49-87c0-b98a811926e4	Josan
c8507131-ce15-4500-98c8-28aa8b27a61c	Joselu Pérez
4cd5e309-a1c2-4855-a519-0305e493c15d	Josep Antoni Gayá
a8b4ad6b-4ae7-43ff-aee3-d1df538859fb	Josep Martinez
5fc34141-f785-4e66-b134-77345541583f	Josep Señé
5afaa437-7efb-4a4d-af96-d2255520fdec	Joseph Aidoo
45a7bde3-1f49-4538-a42e-780edb239bd2	Joseph Johnson
dac61faf-4e5a-4f50-b18b-54b68b12cb38	Joseph Liteta
9dd81af2-c391-4dba-aafb-cc9499c0ac9f	Joseph Nduquidi
973a12b7-170b-4c74-abdc-130ad502591c	Joseph Wheeler-Henry
788ae2e0-fab0-4e35-be44-bc2af8d843e5	Joseph Whitworth
45048d7b-5074-47b8-a184-2f478c785645	Josh Benson
2c6aae8d-335d-4899-b2bb-0da006991f36	Josh Dasilva
700647f3-d32e-4386-81c7-1255a21bf368	Josh Doig
0ac27338-6dea-401d-88c8-236f1d7b5320	Josh Harrop
f3757b68-8ae6-412f-b6d6-5358670bee0b	Josh Maja
9a0d6383-6f41-4507-a51c-bd3e041db8bb	Josh Martin
e1c4dc58-885a-4a05-82a0-5f444e1a4e08	Josh Onomah
2aa21fd4-229c-4085-977f-3b21baa98ca2	Josh Sims
6a44d2bd-082a-4f4d-a0f5-7ce8e6f490c9	Josh Tymon
c5db62f8-ea05-4b3e-ac9d-1dd4fe013167	Joshua Acheampong
4ac5bba0-b5c7-44c5-8d9b-cf82b632b70e	Joshua King
c2a1adbe-527c-43c6-831a-3ba191f1d634	Joshua M'Bahia
d9d86ecc-e5bf-4bda-bd17-b8f4d1951bd3	Joshua Mees
67606aff-7c6f-4c17-a9e8-c5481cba3b20	Joshua Pérez
bd6c3115-19a0-4d35-a6a1-120b762b70e4	Josip Elez
94fcc4cf-0a46-4f54-b183-236797b34e86	Josip Posavec
6e56cbab-0c85-4a3d-9ceb-d7353a227086	Josué Albert
4dcbf08c-a3d8-4b01-9b96-59292c85e853	Josué Casimir
2bed6d90-97bc-4f2a-8846-a48b24b12ebf	Josué Homawoo
9f3a9d4c-87a3-4e05-9d0a-2cf2e07514ea	José Alonso Lara
d53f0314-d3bd-4537-977a-bacda534e18e	José Antonio Miranda
7dd363b3-90bb-49cc-a9c8-3f3184d2fde9	José Arnaiz
94409c06-93b3-4b3f-956f-4a51f9ee86d3	José Carlos González
95bd0135-981c-4c23-976f-e17c26ac061c	José Carlos Lazo
e046a5ce-8f8a-4c3e-b5bf-0eb0f1d7106e	José Gragera
1e449c3e-2622-4a5b-a05e-b421268fb9a4	José Juan Macías
ad672987-1a23-40d7-943f-60097e00776a	José Luis Catalá
9b502296-dde5-4071-8fab-ba59932c98c1	José Luis García Vayá
37daba0a-5d98-4f2e-a6af-e369566aeadf	José Martínez
685ff3f0-f1de-43fe-b24f-910d079486df	José Mauri
e66cdcfd-c2da-4cc0-9d17-60654d45a180	José Salinas
61e1ed40-2e7f-4c72-bf13-2229eafdda8e	Jota Silva
5191fa61-079f-4e3f-9a70-43587752f053	Jozo Stanić
f2c3b372-c120-4549-8bef-ca2624153da5	João Mário Lopes
09578fb7-ff56-47d2-988d-8a4a570f0181	Joél Drakes-Thomas
f03cf890-188b-4b33-b8f6-d3dc4c8742e5	Joël Schingtienne
b74e090e-2090-408b-baa0-6135cd24cc83	Joël Schmied
b5a28a60-88a9-4acd-b0bf-009c53d0a391	Juan Aguilera
bcdf88be-4517-4368-a849-ed3cda60d5a2	Juan Arizala
6c5b70f3-7274-4651-85f1-c974a250b96d	Juan Berrocal
70794ebb-aa52-4791-bb87-100f4300a91c	Juan Brunet
ae53ea4b-c2ad-4c72-9028-e51c09d56880	Juan Cruz
3a1fad89-88a7-41f4-96e9-d5ca9f15e66d	Juan Cruz
3e91ab31-88ae-4174-a0c2-2e11dbce214a	Juan Cruz Armada
d0c1e813-0492-4298-9eef-e72cdf2b48fa	Juan David Cabal
46335123-e3ca-4673-9cbe-251142f9f6d0	Juan Ferney Otero
7bba6375-3944-4353-99d3-b406e122c890	Juan Hernández
9661a45a-c3eb-4346-8289-f098ead58eaa	Juan Ignacio Ramírez
0d96ce7c-a487-4a74-b023-0656f333fb0b	Juan Larios
4568596a-8b71-4b22-982e-7fc09eca4eaa	Juan Manuel Ramos
211e7d80-d0f2-4ea6-8a7d-9ce84fa772cc	Juan Rafael Fuentes
9294425c-7c89-45f9-ab49-fb4597136761	Juan Soriano
bce5a933-e227-4348-9443-29edf63f34bb	Juan Villar
b76eaf4d-9b8f-4956-9a80-871734b5e62c	Juanan Entrena
11747c29-ae98-48e2-becc-db0cd12cc8c6	Juanjo Camacho
29443555-c4a9-4182-a3c8-a586fb1c6b76	Juanjo Narváez
fe84bcde-240e-4798-939e-7f0c35c43d9d	Juankar
4fd192af-5ff6-45c6-a62a-64a88da555d0	Juanma Herzog
2cc7def8-bf95-4391-98fb-76e6bd918d4b	Juanmi Latasa
da24297f-890e-4bba-90fe-291b66c921a6	Juanpe
949e80b4-b460-4679-b03a-c128c8694235	Julen Agirrezabala
e1d0023a-500e-48bb-9dcf-3fbcef669073	Julen Lobete
268f873b-8c2e-49bd-9a41-faf360751cd0	Julian Araujo
7c6ad180-9f98-411d-beaf-aca2ff66eead	Julian Chabot
02c316bf-4bc1-453a-bd5d-a9e80ee964c6	Julian Günther-Schmidt
53c29c85-94e2-4de8-8777-c4ef42791fe9	Julian Justvan
75542e95-f6b9-4390-9f4f-0c5fe1b0034d	Julian Korb
833468f3-910b-4f08-9752-bb495b45654c	Julian Kristoffersen
f9b6051c-3e65-476c-accc-f1410b2ee882	Julian Niehues
480610c7-3508-412d-904e-189eaaadcf8c	Julian Palmieri
1505c9db-f644-4192-a8a7-c7caf79b708a	Julien Duranville
b6403e91-0a3b-4f57-b947-20ba29f32406	Julien Ielsch
d2e0630f-a5b8-4c51-9431-d95e51f97387	Julien Laporte
ed445995-188f-4d28-b216-9645693ef68e	Julien López
45cca1dd-9924-4751-89a4-a758d0c6718b	Julien Ngoy
15d4d538-f9b4-4180-be98-dddb8d82b6f2	Julien Ponceau
179578e2-e2de-421d-8e6b-4eb1fa446ada	Julien Serrano
41af03b5-b5a0-43af-af87-0876fba4182b	Julio Diaz
3cf9c799-5447-493e-97cb-6fb4e752e458	Julio Gracia
02ef54dc-709c-4ed3-9b92-414bf216ea45	Julius Beck
c33853c6-5e8a-464b-80b6-4364b92a97e3	Julián Malatini
2a3e1daa-5fec-4c0a-8b10-fa84cb1b9e28	Julián Vignolo
72866d4a-ed99-42de-aef2-cae4796fc3cc	Jun'ai Byfield
b2767e2d-4517-4786-8492-65db4212a4e5	Junior Ndiaye
a5b6c212-b2af-4257-989c-56199d602f8d	Junior Stanislas
033fb9d8-94a2-4b38-978d-54ba3f2466f3	Justin Bourgault
d7275614-82e7-4f44-be64-309389ff1d4d	Justin Diehl
9c6358ec-3093-4e7b-ba1a-0c297957ecfd	Justin Kumi
34ce2c75-70b7-4a10-a14d-fd7d0ecb944f	Justin Möbius
2a58ee20-3ab7-44a8-8af8-87ec69cc3f1a	Jáder Durán
ac987662-6759-41dd-9228-531d82d2cd18	Jérémy Blayac
f393800c-4f01-4632-8627-d22ce97db080	Jérémy Grimm
2927183b-4552-4b71-9bc1-05746a9ded95	Jérémy Sebas
c3f5dc31-c2d2-4868-928c-a0b475fde9d8	Jérôme Phojo
88ceffa2-8b7c-4529-9063-7281e61bab5e	Jérôme Roussillon
3f53f5fd-a160-43f6-ac7e-19899ef83f77	Kacper Koscierski
fd2705e9-ba0e-4b9e-b041-959a532a10be	Kacper Potulski
32693b3d-ef51-4cf0-a659-dbeb4a18d2b4	Kacper Urbanski
b840c834-04d5-492f-b225-fc2eb00b45bc	Kaden Rodney
1ae4d902-045f-481c-a70b-bc7c5e461bc6	Kader Meïté
edb24fea-acf5-47be-9ddb-ea7a24d181df	Kai Pröger
8fb88a50-6536-4f81-9909-c27e4d6b9867	Kaiki Bruno
30ccb92c-a90e-415d-b50b-3782e63c4c26	Kaine Kesler-Hayden
c336c36b-3572-415b-8fa1-c07bf3e160e8	Kaio Jorge
454d2cda-128c-4831-b90c-55dedfef4601	Kaito Mizuta
c23c7a44-68c2-41c4-9537-68fec778a0e0	Kalidou Sidibé
fd8b4b48-1b6f-4ec0-8e46-af12c90c1b0e	Kami Doyle
01ec144d-8a34-405a-a88e-ed5c6db20971	Karamoko Cissé
3bb46a9b-65ca-44bb-be02-f0bc2a23c2df	Kareem Tunde
2b2b7432-6a28-4def-a0a5-71f8c378eb01	Karim Aribi
c214d46a-f80d-4a72-bf54-b17f31166414	Karim Azamoum
06ba2402-fce9-40e5-b8d6-bf2a807107a8	Karim Coulibaly
09394697-8f21-4353-9496-7c7b8006965d	Karim Zedadka
13c9fc85-ef90-4bb9-9615-5ba9702078bf	Karl Etta Eyong
6d974047-0e94-4d89-9f3c-fa65f569d510	Karl Jakob Hein
66aef5eb-79a8-479d-bee6-4d77e70e0ab6	Karlo Letica
bf3c2143-99ea-4ab2-8de5-197a28b48cec	Kastriot Dermaku
1f1776ba-064c-4e11-977e-58640db5eaaa	Kauã Prates
278c3271-a0fa-441d-b8ce-3e3961c7e0c2	Kauã Santos
b94204dd-59e5-4d79-875c-f57e136b6366	Kaye Furo
b7674972-3ce9-4131-82a6-bb5072c3dbb1	Kayky Chagas
d56b1ea1-6677-4748-a376-caeb9a1ac20b	Kayne Ramsey
27d528c5-09f6-4c9f-9fac-69def8218910	Kaïl Boudache
4fa0e80d-b0dd-4791-ae0c-ecd75b6e7e7e	Kean Bryan
59c5e5c5-baee-44a6-9986-4e6c2f146e14	Keanan Bennetts
90c9406c-9065-4993-80ce-be95f24720b0	Keiber Lamadrid
9b1196b9-50e3-4917-93a4-10fa40bfa63f	Keinan Davis
b3d751de-3b92-4e12-95e5-d700d0d74694	Keke Topp
d9c4fd2a-d8ce-4d7e-9a51-5b14d30f43dc	Kelland Watts
b5969378-9e8a-4240-b56d-529c369b34ff	Kelvin Ofori
45a609ae-fa45-4ec1-a15b-bd107ed1999f	Kembo Diliwidi
070e6d81-ce88-4ff1-8106-bead70f40e6c	Ken Reichel
4cf00304-a861-4c52-afc6-a924cd264b2c	Kenan Kodro
fd57a67c-513a-4c38-8714-6587b03d5698	Kenan Yıldız
ba424448-ef64-4edf-8047-b955f3944869	Kennet Eichhorn
18f23a0a-1af9-46ef-81d8-ce4fe0251fb3	Kenny Nagera
eef2ed1a-067f-4908-bfdd-84c62108c07f	Kenny Quetant
d4c080b4-dfb4-4783-9aa9-5faaf3ddaa1b	Kento Shiogai
94321e0b-31eb-467a-919f-72eeb26ebdf2	Kerim Calhanoglu
4190efc5-84ee-48d5-a6d6-3771c0726ab9	Kerr Smith
a2783608-1153-44fc-9052-c0d26ff3ce58	Kervin Arriaga
7c30a3e3-4479-42e9-8e0a-ca2f0e4e786f	Keven Schlotterbeck
acf64603-b823-4ac5-bb64-b9c582db374f	Kevin Carlos
0fa38517-7b20-4b85-9e55-cbb6db01cc36	Kevin Long
d2ae30ed-549a-45ec-9607-e9cd4a934bc5	Kevin Manthey
6c4e8190-f17d-4293-b854-c7b8b647b0a0	Kevin Martins
79622662-964b-40e6-86f7-48c11c90ce10	Kevin Miranda
2a1f8165-98fa-46be-ac98-d926671c9bc8	Kevin Paredes
14231ccb-5f50-44a0-982d-3f3e277a7a64	Kevin Rüegg
fc4e5172-c077-4b46-8841-46c86fc96600	Kevin Sessa
4e4d677c-6aa0-4429-be99-3dad0af07fda	Kevin Spadanuda
ce99a70f-658f-44ec-a394-0e8cd8c6435e	Kevin Vázquez
7d84d7a7-524f-4c59-9940-68c59aa3fd36	Khaled Adénon
28ea63c8-df5f-4aa2-ab5d-9605c4f20f3b	Khalis Merah
fa982e0d-38c6-408e-87c5-64fd395b69c6	Khanya Leshabela
5dff9f19-d93d-4bf6-80c1-74215354899c	Kialonda
4ff6fd28-aa2e-4e76-9ca2-3f58af657688	Kieron Bowie
53820c36-6c6a-407c-9d88-d92b31adb274	Kike Hermoso
274175c3-3c8c-4d34-8f52-e2ebe327b844	Kike Pérez
26406d12-1dcb-4c87-a1dd-c1c2911f4eda	Kike Salas
16ee50f4-f19f-485a-9a53-f660c21edd7b	Kiko Olivas
ed1b6f6e-59d1-4b5c-8769-ee51b24d2a5c	Kilian Fischer
2e19d7db-5a8a-4313-83f0-5026ef41b49f	Kilian Jakob
8844942c-15e3-4770-b36b-c73f7a595264	Kiliann Sildillia
072a9ffd-5e12-44d4-873d-2f0ed1cb4079	Killian Sanson
7388cfe5-66e3-4dd8-bf14-98f3ef2231b1	Kim Jisoo
48952d53-8f3d-44d2-b8a1-8cb28f5a4cb9	Kim Minsu
25b9a0d8-a5dd-45c3-b72b-12fcb73afdf6	Kimberly Ezekwem
7b598d0a-f778-4579-8b7a-abd087247ae3	Kingsley Fobi
ba10ab48-9803-4165-bf26-07c190bcc310	Kingsley Michael
7da8751c-c75d-4f45-9abd-db4691203a97	Kingsley Schindler
f92d89e6-0ecc-4c81-b471-d9cb52c6f793	Kingstone Mutandwa
98928eeb-5918-4cc4-8f39-a2eeb68ae7bd	Kirian Rodríguez
e37088f8-d0ae-4dd2-9faa-cd4ca3921686	Kjell-Arik Wätjen
422d9523-3b79-4ec9-b7dd-a3aee010eaff	Klaus Gjasula
2396d54e-079d-4072-9277-e3df9878f614	Koffi Kouao
830878e3-45c2-4ee9-b42b-ed3a29f646e4	Kofi Amoako
8040ee9b-d5cd-4db2-ac52-1691e2c6a517	Koke Vegas
c4af1100-5924-4d52-bf42-3193e20bf8e4	Konan N'dri
ae2dc29e-3902-44c6-9830-2d2198ebcf98	Konstantinos Karetsas
4b146bae-1494-4ad1-8165-f29d8f01e232	Kouamé Botué
51ec619b-ffd4-4ba8-8206-fded19a4dbe3	Krisztián Hegyi
dc8a259f-f2a9-466a-b25f-ac5d717dab74	Krisztofer Horváth
adca3590-acc8-4e04-bc95-c6fbb0080982	Kuki
7e9488eb-73a0-49a5-9d64-33b9e2551087	Kwon Hyeokkyu
87fe5852-006b-4592-97c4-1bf1146a423a	Kyle Edwards
e1d92369-cd26-4306-bb24-53a0f4c2f4cf	Kévin N'Doram
4bd1dd54-8ab8-4d79-8f69-4b9667186fb3	Kévin Pedro
de1c3dac-9ce2-4341-b0c5-7807cb3f3685	Kévin Rimane
3f2204dc-156e-44a2-aedc-869387c60f44	Kévin Soni
cd3eec52-918f-41c1-b9c0-1e43a1a5725a	Kévin Van Den Kerkhof
683177be-5b36-4a80-a9ce-228f2aafce3f	Kévin Zohi
7bd249d6-cff7-46c6-ac4e-abec1f2df800	Kōta Takai
f098dcda-1f4e-41b7-b44b-710145fee4da	Lago Junior
43c13354-599c-4cdd-8e54-d90e6377f8e3	Lamin Jallow
04756b8f-000d-4bfd-806b-eed42be1df88	Lamine Camara
727d355f-54e4-4f34-b30d-714eb2a7176c	Lamine Diack
bf3f6e59-8b4e-4621-ab00-39dd971301e0	Lamine Sy
ed55b9b5-7012-43ca-ba90-d01f21c7e317	Lancinet Kourouma
c886252a-1a25-4587-b619-dcc3ffe8535c	Lander Astiazaran
80586e91-24de-47d9-a1e2-86f9c6809173	Lander Pinillos
ef442b66-c1a1-4bb8-836d-ffec5ebce344	Lanroy Machine
4e9a7ed6-d65d-4a82-8097-ee3417e2ec7b	Lapo Nava
385a6954-3027-42a7-8a36-89c840f93a02	Larra
bf275a34-6b32-46f6-aaaf-05769339583f	Lasse Günther
24765e06-c11c-440c-bb4c-210ed6f5fec4	Lasse Rieß
474997c6-450c-4b47-bdd9-4e4065ff3f48	Lassine Sinayoko
18e65aab-1275-46b7-92ee-68e314732c40	Lasso Coulibaly
2753b16d-4445-421b-817f-3596b0220b02	Latif Ouedraogo
2a0394e6-19cb-4934-93c5-f081dbdb9165	Lauren Ulrich
203d5953-a7dd-4fe7-9f7b-ec1f9c457f60	Laurens Serpe
fd2140fd-fd34-4c1e-9f8e-1999867f31c1	Laurs Skjellerup
8125efb3-06ea-458b-a89a-fec018f21d4a	Lautaro Blanco
cd3247ad-89d3-4d65-be92-ccb33bcf91e8	Lautaro Gianetti
06d65633-3253-4b10-9f65-d3e21c2ac191	Lautaro Valenti
72fa002b-33f8-4fc1-ac5d-caf4eba2197c	Lauti
8da8d7da-d2cf-4117-b7eb-f5bcb018023b	Lazar Samardzic
9e744458-3f8a-4a71-b6cd-96a2c7f08714	Leandro Chichizola
c7a9e926-7998-43cc-b6e2-103633360722	Leandro Sanca
b72be3ca-2b39-4c24-ab47-dcb840bc37ab	Lee Buchanan
672297fc-7880-4532-9075-f12eb2ec5733	Lee Dongjun
2f3a6bab-6fd9-4d6b-94d6-41aeb6e7c942	Lemouya Goudiaby
6215cc55-31fc-4849-a375-3df0e65301e2	Lennard Maloney
0accfd8f-d41d-48fa-a839-8928e9aa5bf9	Lennart Karl
d46498ce-e37b-49ac-961b-54173623406f	Lennart-Marten Czyborra
b288a712-4ad7-4f92-a1cb-2687ed1e2c8e	Lennon Miller
0b3cb8a4-c9a3-4561-9c74-e21880af0e1c	Lenny Joseph
126bd483-1550-40fc-ab48-df1f20e6905d	Lenny Lacroix
8b89239f-5d24-47af-828a-d875fae2a418	Leo Fuhr Hjelde
4829afcd-41bb-4703-b99e-db321595d365	Leo Román
b61f8b20-2337-4fd1-90d7-4a7087410235	Leon Avdullahu
29bcb356-edad-4407-93fb-0bc04923fbda	Leon Opitz
6e991d50-7d6b-4d6d-b704-c2c9420ab914	Leonardo Baroncelli
7113ce00-e534-4bbb-ab2e-14703af4201c	Leonardo Buta
d341e7e0-f23d-4e1d-9f36-1f226fbe4e1f	Leonardo Capezzi
c43f1c2a-44fd-4c0c-87d3-6aabff3f8cfc	Leonardo Cerri
d3283f58-6781-4402-9369-0023a459f1f3	Leonardo Consiglio
04a70761-eaf7-498c-9b46-4371725f1859	Leonardo Mendicino
899e97fb-88b6-4c55-ada2-6d2b9661f409	Leonardo Sernicola
a95cba7a-65b6-4613-a6ae-5ae6d6fe1f8f	Leonidas Stergiou
fa76f392-7494-4bdb-ac79-48b12aa6af6e	Leopold Zingerle
c4c150c2-6843-44aa-b6c3-200beeeaf097	Lewis Bate
ccfba1d8-4a84-4e7f-bd6b-a6b8633b6b91	Lewis Miley
8177b643-4d58-4ad4-b0ad-4c3950d24b73	Lewis Orford
65d15ff7-6948-408a-b7c7-42b5457ef607	Lewis Richardson
fd27f625-f196-4d98-9511-a887291ac02e	Liam McCarron
2c875ade-7a30-4c1f-b00a-2c1600e61c1a	Lilian Baret
66e9663f-c1dd-4430-bce8-4682076ac167	Lilian Egloff
74594d56-7a00-4a5d-9b94-164e63fc8194	Lilian Fournier
d1299391-1a0e-48be-a5af-15e53d6bf22b	Lino Tempelmann
64950dbf-89de-47a5-b96b-126a07feeb2e	Linton Maina
431a458d-415e-48f5-84d6-3c6c69a4d73d	Lior Kasa
d2e0353a-0a57-4236-a868-569d8970a897	Livan Burcu
1435bdf8-a476-4b43-a6fd-6809bfa0fbae	Lluc Castell
6b0f471e-e997-4bd4-a8f8-4e7273d71827	Lluis López
af770ebd-e98b-40e4-9560-0a4169e07685	Lluís Recasens
1baf3cfa-d375-4a4b-ba96-5e9a5c45db0a	Lohann Doucet
ceae24b4-85df-44be-b693-a1536a214b65	Lorenco Šimić
ca7b3159-b4ce-481f-8685-cd75b962a316	Lorenzo Aguado
1fe9b311-dff2-4e2e-9388-fea0c79fc25a	Lorenzo Andrenacci
a74fadc0-3c08-4363-873b-a3311bb11e13	Lorenzo Anghelè
9e7f77d9-21e6-4a0a-a517-e009cc4bda9b	Lorenzo Bernasconi
f814f3e8-c628-4126-a728-6d9f0102d818	Lorenzo Colombo
e6fc5cdc-deac-4fdf-84cf-15cc97ea4006	Lorenzo Del Pinto
5ced3ef0-450f-4c43-bd78-09c91c12b5c0	Lorenzo Insigne
4def98e1-00e4-40ee-8039-f5f196af5852	Lorenzo Malagrida
9a32cbda-7e51-4d05-90ba-49d630cd8669	Lorenzo Montipò
4fabc1fc-a076-4f4a-b5ca-64950e6ad02a	Lorenzo Sgarbi
58d9f8a3-c892-4d89-a9f9-e73c38f6a70f	Lorenzo Tonelli
e79fb4a8-ae88-490e-a1a0-41bec4cc459f	Lorenzo Tosto
725cd52e-3ad6-4c41-aa61-9296f7852e3a	Lorenzo Venturino
8ea52263-fd0e-4f02-b20b-b4dd2d01ef13	Loris Mouyokolo
77137925-5c31-467b-a152-95397a445e66	Lorran
2a932cc9-40ea-45f3-bfd3-58bbe1dd4af2	Louie Barry
1f9a2982-3ee5-4764-8c33-814ba2450794	Louis Buffon
b905a868-c327-4880-a236-0f2bbdb19704	Louis Carnot
aef0089a-f25c-48e1-a778-4f9080798a43	Louis Lemke
25c30ffe-48c9-4ede-b064-1f0ec976314a	Louis Mafouta
788ae436-7ba9-4279-8723-be258c52d14f	Louis Oppie
24ef7cc3-7814-448a-bc7f-2dd3d7fdc009	Loun Srdanović
cc846f0e-bfdc-4231-a7a3-20507d6eaaba	Love Arrhov
31a12a56-6081-4fc2-ae00-636d4d72100f	Lovro Zvonarek
f6362473-6808-4a7e-bcb1-7d3259354ba3	Loïc Bessile
1962f9df-52d7-4491-b85f-60d038f77c44	Loïc N'Gatta
9621b817-6f9c-4436-819b-ca10b0793e01	Loïc Puyo
27f44243-cbc4-4fc4-b5c1-2df01b494509	Luan Capanni
0773b322-ab5c-414c-a5f6-8d0d12eaa153	Luca Antei
c19d58cd-16a3-48b7-896e-775be6101e22	Luca Bittante
f0f08d7d-cfe1-4239-b616-74891979098b	Luca Ceppitelli
a65e1e33-07de-430e-b789-7feb34560fcd	Luca Crecco
a5e64fa2-739c-45da-8f86-da6c5578df62	Luca Crosta
b8446a2f-7574-4dbe-aaf6-2b280c44001a	Luca D'Andrea
0df42e2b-defd-4ff5-87db-1246c3d2f349	Luca Erlein
415f5da8-377b-4e04-aa42-9bfe86f209ae	Luca Falbo
fd5d0b02-af49-4d7b-acc8-d189ba74c4db	Luca Fiordilino
c04d6688-6428-4be5-ad35-26516d1e18df	Luca Gagliano
dc8d568d-3941-425e-8ea2-64ca92fab6b1	Luca Jaquez
ab6ab68e-2672-4ee7-b8f8-79a918c9dd6c	Luca Kerber
f85dfd88-16e2-4aad-9718-ad7847b46295	Luca Kilian
ab38b137-4c7e-4851-a178-2da3d8d2ad2e	Luca Lezzerini
4972419f-3b0b-458c-817d-00c764de6b94	Luca Lipani
eda2d78f-1303-42cd-9b7b-03e066047fcf	Luca Mack
8b36c51c-5e9a-46a7-a627-b74191811ffc	Luca Marianucci
9d61dcd3-a25c-425c-a9e0-f7c641c60cb7	Luca Matarese
9d6ae974-bfe9-4285-a1ad-8dea4de9f754	Luca Philipp
9f9bc96f-2a67-4956-a649-eda8faf9cd19	Luca Reggiani
c1bcd096-6e1c-4d03-9162-d627f5ce8b7d	Luca Rizzo
440609f4-62f3-4d70-befd-2a06c97cdaed	Luca Sparandeo
aee24c45-e824-4992-851d-5a6ae493a0b1	Luca Stanga
06461726-8048-4d48-ab5f-6b78c6f89a0c	Luca Stephenson
50be1f3a-002e-4e23-bd81-8c7e609fd7e5	Luca Tremolada
1870ed31-ab96-4ed9-9edf-81ba6c787654	Luca Valls
af1a2503-6ec5-43b6-bfd0-6f4924f7ecd2	Luca Vido
5ef977ae-454c-4320-b907-ae23b7c65d6a	Luca Vignali
85e03a84-1275-4761-b877-6f030c971ada	Luca Wollschläger
ef009b53-84d9-4e55-aaec-1a3b14338c48	Luca Zanimacchia
2539e5ab-35dd-48b5-b3de-094e2f1d1670	Lucas Ahijado
ca3d7f7f-52f6-4e99-bfa3-4ce022e946aa	Lucas Boyé
c9a0a05e-4750-4a21-9d0c-8f12fbc27803	Lucas Buadés
5046e05d-6573-438f-ba69-afca1a4b9b35	Lucas Calodat
fb8a41a2-c691-4323-a760-56096165def5	Lucas Castro
706fd434-5d9a-42e1-a737-f8e409ce5a0f	Lucas Copado
c1b67c41-7ff6-477c-a31e-673e7751ef41	Lucas Da Cunha
fc6ad5e9-c0cb-44ef-804b-aa47a71bb304	Lucas Felippe
98c78f84-0dbd-4a92-8606-018f2209dd1b	Lucas Høgsberg
b5b47b20-04e0-47d4-b022-8831bce970c1	Lucas Michal
ba71fe78-5fbb-437c-afb0-025a5731c3d5	Lucas Orbán
8a39e884-370e-4056-a63e-e3814e674770	Lucas Robertone
5370177c-b4c7-4c3e-8a89-1f8d0b875262	Lucas Rosier
c1c74165-a861-469b-90be-848ca9c3fd96	Lucas Torró
3afd1b71-7e63-4993-95b8-d06a9e8011df	Luigi Caccavo
f852df71-ca36-487a-848e-2809cb164664	Luigi Canotto
1fa5cf2e-77f8-4baf-8bf2-24bfa2ba83e0	Luigi Cherubini
bdcc27bd-3b94-486c-8efe-6e2552d69519	Luigi Samele
6fa4a5c3-b638-4455-a749-4415135c9b42	Luis Hartwig
6f8f9cb7-e52e-4750-8434-e72e9c7bfeaa	Luis Hasa
ad868ae6-b59c-41c0-b466-d5c5b74fe2ab	Luis Muñoz
5ee0ea7f-fa4d-425e-974d-a2b7baa649da	Luis Orejuela
4cf38490-acc9-4920-a439-dd2ba52536df	Luis Perea
c2293e73-795f-4360-9805-a25681a7a5a3	Luis Rioja
33b89a27-fffc-46af-acab-4239823810c8	Luis Rojas
0c5720fe-39b0-4d98-89c2-b04bf0cee7ec	Luiz Lúcio Reis Júnior
39d2edff-1370-4245-b7b6-de7f3756982f	Luka Topalović
5ad297d5-3c5a-477a-8e15-784a81f2bb1c	Luka Đurić
916c66f8-c7ec-4425-bfbf-24473123b4d7	Lukas Bornschein
ceaead5f-8e00-4541-acf2-e54a1ea56163	Lukas Daschner
65a3b827-fa22-47ae-b195-c3988b6a27ce	Lukas Fröde
f081129c-57b5-453c-94f6-cbad89b9b3f5	Lukas Kübler
8c025199-ee37-4845-a0d5-d6f5060bb433	Lukas Ullrich
47f04f91-6740-445d-9809-ae2f7846343f	Luke Amos
5c0bc164-ac8e-430f-855c-664640fab754	Luke Dreher
6cb42d64-85e5-42b5-84dd-3f2143cffa7e	Luke Harris
5f2fc533-bf96-4fc6-8484-fa20e29663c0	Luken Beitia
98af4f35-835f-476b-82a0-7f267603938d	Lukáš Horníček
7a63af98-99fa-44e5-803e-1e6e02d4ce90	Lukáš Vorlický
29c9b382-7b00-4985-b96d-bea07212c76d	Lumor Agbenyenu
b75f2501-dba6-494d-a061-f7af67d5db4d	Luís Martins
eea531f6-343d-4d96-944a-a22c0a5f39f5	Léo Sena
28246b12-47e9-432f-9869-ccb50624ff0a	Maat Daniel Caprini
80c4702a-62d5-4e64-9f64-9cccf39cdc57	Madih Talal
65e7299b-d1c1-4a75-ab7d-43e7fe988c88	Mads Bröcker
69f63568-ce24-4468-ac5a-698cb637056c	Mads Pedersen
922f0d11-214e-492d-8d0f-49db87323e84	Magnus Kofod Andersen
8543e670-8438-4ee6-9022-280ce1499206	Mahamadou Diawara
3ce7eeb4-e221-49f3-8688-197db062ded7	Mahamadou Doucouré
aab1f6ef-f7ce-425d-8dfc-dbe63d616001	Mahamadou Nagida
e4d65c21-be73-4cdb-b955-be3b5b35dd9f	Mahmut Kücüksahin
e8f1dd26-762b-478b-a8e2-4fd8bd0799bd	Makhtar Gueye
3c4a5898-36d1-4da8-8240-5f2c1e96c2f2	Malcolm Ebiowei
22c54f47-b880-47e9-8e6d-fdc497a440e8	Malcolm Jeng
02fb3aa9-bc32-4b86-814c-6cdaebb66038	Malick Mbaye
ee85059e-0e8e-4e42-aa17-c0436b82833a	Malik Pimpong
8c99c2c2-2d86-4308-8979-8acb3c4246b7	Malik Sellouki
52b06c1d-fd0c-47a8-a33a-82b93d8aa76d	Malthe Hojholt
81c3344e-36c5-4828-a684-1ddb4c01679b	Mamadou Camara
3b00916f-65b0-4c58-b1c7-2cf184e80a2e	Mamadou Coulibaly
3970a41b-879f-4a33-bd0a-c1ec58c097ab	Mamadou Diop
98808292-28cb-4492-8896-3b2941518802	Mamadou Doucouré
0c40ea77-38ee-4171-b327-2b75ae3c7c7d	Mamadou Fall
7e557765-7e17-4b56-afc9-3d3b88779e21	Mamadou Kanouté
64dd8001-ddf1-433c-ad6a-1d0e9d6ef69c	Mamadou Koné
9fda10ac-10f1-47a8-a511-fd08a8ef568a	Mamadou Mbaye
e15488d1-18bc-4ca0-b79d-267d89fbe044	Mamadou Tounkara
b97951dc-b572-4497-ad79-a451951dcb5f	Mamady Diarra
b7184d9a-0914-490e-8288-bc155f8b76d1	Mamedi Doucouré
d5d999e0-5657-4cbf-aa7c-2af2a1c107a1	Mamor Niang
11abd373-46cb-4744-bfe6-ec083bbec7cd	Mamoudou Cissokho
268bace8-5331-44b1-b02c-2e0f43b0625b	Mamoudou Karamoko
6760cbf6-ad9c-476c-904b-6939e68e16d5	Mandela Egbo
bb648a11-6e46-4fcb-98de-565cf4740dbb	Mandela Keita
2ee293b4-3ad3-4a6f-b91e-989f891da743	Manolo Reina
193fb957-95b3-482e-9e9d-fe4cd45d62b9	Manu Bueno
22732e46-8c56-4868-9f7e-9361bec4ea5b	Manu Gyabuaa
9e4cfd25-8f81-48f3-9116-1216383bce28	Manu Morlanes
6d240189-fed8-4d36-824f-a4c170562dba	Manuel Cabit
5bf705b7-d068-4dfa-8891-02b7d0913213	Manuel De Luca
c9c5d413-cd84-492a-af5a-7cb51b7f2830	Manuel Fuster
d9d7100f-ef87-43e7-8aab-f4e61568d76c	Manuel Garrido
b2b21619-830e-42d9-a174-b40d37042f10	Manuel Gasparini
6900bbe7-9394-46a1-914d-696020250425	Manuel Gulde
c3007478-0155-4c28-821a-dc436cf3825e	Manuel Iturra
043ff361-6418-4137-8dca-232b1320f437	Manuel Pozo
a73862d5-9646-4988-b8f0-b20a360bf56e	Manuel Pucciarelli
5cae7617-1110-426c-853f-23c8d7ccd8dc	Manuel Serrano
304c61cb-dfdb-447e-a017-4c75c246fc29	Manuel Ángel
d3b39bb9-3a2e-4d52-ab1d-6eb329769def	Marc Aguado
395e763e-c3bb-4ec6-ae89-fce3dde7b6a9	Marc Baró
4f441302-6bcc-4741-a314-b05f1643f4c3	Marc Cardona
6868dde3-2fa1-47e2-be22-063242b53148	Marc Casado
c1a093ad-b42c-4688-942e-1996867f07b2	Marc Domenech
f1fe644c-a33f-4f7f-a675-81a22cb50779	Marc Navarro
39876772-aebe-4a35-820c-199a923e96d1	Marc Roca
abb57d77-5177-412b-8006-84eba7b1ff86	Marc Stendera
0b716adb-8b8d-4e67-9935-83d624c73e84	Marc Tenas
b99976ce-472a-4195-a962-6983d5040eb3	Marc Torrejón
286d8157-49da-427e-b995-c3eaa6d3a060	Marcel Benger
02e1be84-473f-4550-a272-ef981e908bf0	Marcel Hartel
5f378d82-3412-41c7-8de8-28d10571f148	Marcel Wenig
99c3bcfc-3235-4584-9c2c-7fa6a49f212c	Marcello Gazzola
239883cf-0063-4c56-ab00-2bb83f89bf67	Marciano Tchami
a8914a07-46a2-49b4-a214-fdaaa3438518	Marco Ballarini
a9004ab5-f7f1-4df8-b447-1127ac5b8b21	Marco Bertini
03daed53-4d51-4c0e-832b-1cd84d11a92c	Marco Bleve
4646fc51-0705-42a1-98da-d35ddf5ed1a0	Marco Cassin
433c6b20-7abd-47a1-858a-bf62330876c5	Marco Delle Monache
4c96ead2-58d2-4e40-9bcd-0b59cf706a25	Marco Esteban
0b373aca-157e-4a3e-9896-78c0ddf65b46	Marco Festa
e407616d-2a1b-43d0-b3b1-0e0fbb73c190	Marco John
41671ab5-e3c6-42d6-8cf3-8a5902afe367	Marco Majouga
6258ef06-e1ab-467f-bb09-72aae0f6281b	Marco Mancosu
10e696ae-4449-448b-80de-e91681954602	Marco Meyerhöfer
d6d97510-4203-448d-a266-011e2ad81a07	Marco Modolo
e6957e84-e921-4a81-8f00-42ca5a33a688	Marco Olivieri
ae6b7edc-26f3-4838-b4f5-e69efaa86c0c	Marco Palestra
7e21c67a-8e91-4170-b67b-28ae636df522	Marco Pellegrino
a66a1b59-f1c6-4617-8812-c74865d85560	Marco Russ
4bad1d77-bf3f-46ff-94e5-ca14d5633677	Marco Silvestri
9e17f2af-91b8-4c1e-bd6e-4dd40c553e04	Marco Zambelli
aa281c4a-80c5-4ee7-9ebe-80840dad94c1	Marcos André
cd69b68a-d5a4-4f45-80a4-6a900b823b68	Marcos Mauro
e653a84d-52e0-4fe4-9a99-99c5837cf48b	Marcos Peña
16f2e6b4-c158-4b93-a5a2-c8c20037622c	Mariano Troilo
49b37c7f-9ff3-4cdc-8ed3-1b13e791aa10	Marijan Ćavar
c6514f58-a091-4668-a5f8-0e16b7d86659	Mario Dominguez
a2f7f0e0-4dc5-48a0-bd4b-8684751775fa	Mario Fernández
c57bf68e-abbc-4eb7-8d06-6dcf07ee39e4	Mario Hernández
62d26d21-b880-426d-8e14-89257cd23154	Mario Maroto
94644213-92a9-411b-8a69-44afcb47dd77	Mario Martín
b83f986f-40ce-422f-91ad-171a92bce3e6	Mario Perrone
34bd1fb8-33ab-42a5-9544-eb29d6bb2fac	Mario Rodriguez
d23daebc-2e02-4b1b-bf6c-ea856217505e	Mario Sauer
3b9b809d-9e00-4e4e-88c3-be40e9985fe6	Marius Broholm
fda662c2-55ba-4200-adf7-0b1de0ca405d	Marius Bülter
849ba3fe-d1a6-4a5e-851a-986f687b076b	Marius Courcoul
104b8096-22e3-4074-8a77-43a7d4af78da	Marius Louer
a670d78e-fb57-4a0b-9caa-3c619668db30	Marius Marin
033b6ee9-b2ed-46f3-903f-a4a2c69e7457	Mark O'Mahony
3516cfbd-02af-411a-864c-1f1697faf70f	Marko Lazetić
e983598e-c7d2-4566-8541-1372a345fc76	Marko Milovanović
aa62b441-379d-443e-a85c-549eb2c68182	Marko Mladenović
54f50e98-f804-4232-b83d-0ac322d0c4c4	Markus Steinhöfer
100e5141-1454-4988-a39e-eee53829a14d	Marley Aké
e3d8c341-3019-49e0-be8d-6e83eeea5c79	Marten Winkler
c1c44731-c028-4d46-aff8-34accf575db9	Martin Adeline
f2476ab9-548b-4a46-8fa5-a7cd8b39f69c	Martin Agirregabiria
1244a172-f324-4d6c-91c1-e8db4a02bf9a	Martin James
cdba4e37-3c52-4239-aadb-e41b8b73c616	Martin Nogoto Bley
2adf51b7-8c37-4334-a48a-d0ffbb5aec8c	Martin Palumbo
382d24df-4815-42d6-a21b-e76891f1492c	Martin Satriano
50219720-7394-44f5-ae88-4d7fa2f9fdb4	Martin Turk
414bbf07-1b8f-424f-b4b9-a018c2386264	Martin Valjent
51392b29-0d74-46a6-9d15-0b2668cb5959	Martin Vitík
2dfd0c3a-d408-4e28-b9bb-92f9ac4dd448	Martino Odero
ba2bffc3-b260-4622-8f24-da05ad6bd6b7	Martín Merquelanz
b65fc978-14f8-4031-9adf-3b6872d8fb87	Martín Payero
ff6689ec-17fa-40f2-a3ee-f61d36e9c070	Martín Tejón
d54f84ff-fe83-4fcc-b2d6-65ac7446e967	Marvin Bakalorz
620a09fb-ff73-4fdf-b585-d96c94a528c3	Marvin Ducksch
1f081413-932a-4868-94ac-a495e2fea724	Marvin Pieringer
8b756fc4-aec3-427f-a187-6fe624c55550	Marvin Tshibuabua
87b14773-6509-4ad6-8a07-23e72194e7a0	Marwann Nzuzi
bc0469cf-f704-482e-9052-c821669bd940	Massamba Ndiaye
e3c4ec58-88b7-41ea-a29a-880d35bc7e3b	Massimiliano Mangraviti
5777b815-64ef-4810-a8f1-645454a19967	Massimo Bruno
9db5dbf0-4323-4475-ad88-f149f21add77	Massimo Coda
a6254cee-e13f-4789-aae1-9aba1eb5368f	Massimo Gobbi
16b9ed5e-9300-4aa0-830d-ce50e665dd28	Massimo Pessina
19c5ecc7-2166-4f6b-9f98-a1d7a56f2dae	Matej Maglica
9321488f-f209-4e81-8553-1e39b0655ac2	Mateo Del Blanco
dcab9e47-f951-4a0a-81ce-451590c80f4c	Mateo Flores
0d684b9b-d3c8-4415-90af-bd18492e18e1	Mateo García
edc37b99-93d0-477d-87ce-23e9ce84b814	Mateo Klimowicz
7ea388bb-8e70-47b7-9262-32f6f3befcc7	Mateo Mejía
9a000f90-df6a-425e-8a3c-8e49fafe9bdf	Mateo Pellegrino
62bff4f5-f15e-4507-a838-f9ab351e213d	Mateu Morey
cea06a58-cdf6-48e3-ab96-a2cc7a397f4f	Mateus Lusuardi
cd13bed4-3fa3-42db-bf7d-1ea69ad02deb	Mateus Mane
0dac260a-c704-44ec-9c1d-8c59d2957a71	Mateusz Praszelik
840db7ce-a9b1-4f42-b912-1e0b48be603a	Matheus Pereira da Silva
7e206296-a15e-4933-97db-a79351cab4b9	Mathias Olesen
fdcb6394-c51a-40c4-b03b-3b0096987d6d	Mathieu Dossevi
87589f72-d5f8-4d75-850d-e3ac047c64bd	Mathieu Goncalves
abab7309-4ec2-4ee9-8117-31e16de16334	Mathieu Peybernes
77191827-e345-4da0-b7dc-00603aa7b346	Mathis Albert
426dc136-310d-4b6f-bf25-efb766c433cf	Mathis Hamdi
c701e654-2973-422c-8cb9-3415d2a80c81	Mathis Jangeal
99909b0a-d47e-4785-b13e-bf3322edf921	Mathis Lambourde
56977c5e-4568-457a-b26b-833774bb3632	Mathis Saka
8577853a-10f7-41bf-be0d-251f132fc01b	Mathys De Carvalho
41e762fd-59d9-40db-969b-8d9fc3ff8713	Mathys Saban
19e2349e-50d1-4e90-8354-87f219eac705	Mathys Silestrie
a46e8ad2-1b70-47dc-b06a-1c76bfe40046	Mathéo Bodmer
16cda6d8-a635-4039-8496-6c683692b893	Matias Arezo
45a8bbde-92e9-4f33-9654-bb67c89e7255	Matias Moreno
550cba09-a5a4-4be1-a858-ec13360c6081	Matis Carvalho
100b8c80-1832-4eac-94da-928db29e7945	Mato Jajalo
8e4de48d-e1b0-403e-8beb-d58a120b4957	Mats Pannewig
b81fce78-0c6e-4a59-bfb6-de93d28b4492	Mats Rots
d8b19d58-960e-4e1a-8986-1fd6b32f7c0f	Matt Phillips
7ff4f0a4-7d49-487a-9c03-b78de7c8030a	Matt Ritchie
ddb8df6b-13da-4b39-91c4-10b4bfad0717	Matt Worthington
4900d014-c236-4d3d-a997-655b2ce686b1	Matteo Ahlinvi
26f5c2f6-5978-4c9f-b716-48b49200e07b	Matteo Bianchetti
7c93da27-26bb-4d8d-a2c3-b9d971eac1ef	Matteo Cancellieri
7afb2353-1ec2-4951-a505-d3bd6ddfd8f9	Matteo Cocchi
f1e3ebb2-75da-4da3-ab52-4a6b868e3400	Matteo Gabbia
6f78e037-88d4-4980-babc-bf9c17e0ffd5	Matteo Lavelli
7e2e31ba-3a78-47b8-8ee2-23709301b896	Matteo Motta
f931c183-22a5-4631-9261-0aa5871fee9a	Matteo Palma
dbd21354-26cd-42e6-9f16-b9f072239a40	Matteo Politano
a5c34b32-80a5-432c-8ba3-7b7b41ae36e0	Matteo Prati
58578990-277f-4936-ba0b-707926d6e982	Matthew Craig
a50425e9-c246-42bf-b51c-ca352bd74330	Matthew Hoppe
74c6b7c3-b44f-4508-b8be-ce90cae149ac	Matthew Longstaff
a558e816-d55e-41ab-b25d-78f057658cba	Matthew Lowton
c3d0b1bc-98d8-44ca-bdfe-0e17d7f09353	Matthias Phaeton
b03bc0d5-0ba3-476e-9ed0-5718799f0017	Mattia Aramu
c71c2b48-c52b-4030-a923-072346502eae	Mattia Della Rocca
d86a8b6f-155f-49af-ab19-e95806797784	Mattia Fortin
e50fade3-dc50-4bad-b0d8-4f4df6bfa55e	Mattia Liberali
14ae31d1-cd1e-4b86-b328-dd71d0c1e707	Mattia Mosconi
b77c72ef-0e2f-4ee3-94ea-3a53c5b57886	Mattia Motolese
470e8452-2b67-4f8b-a5c3-6effe68b75bd	Mattia Pagliuca
fc726ca4-3b68-4354-bd0a-43feaf538f6e	Mattia Scaringi
ca6c1a4c-ee48-443b-8ce7-19695dc314cb	Mattia Viviani
d635078c-f44a-4f32-9342-8bf889a57245	Mattia Zanotti
35c1e93c-1050-4f6e-8f23-25600cfc2d81	Matty Daly
331b9d2c-5d71-47a5-a109-1753b2df57e4	Matty Warhurst
33ad59c5-5a77-4715-98b8-8d1b5980044d	Matvei Safonov
a1000ad8-7680-4e9c-b542-1f5e5d2f377e	Matías Nahuel
ec3bc348-9fb1-4207-871e-e552b5825f59	Matúš Bero
47fa8cbc-c73e-4a53-9ffc-f4d91a5894c1	Maurice Dalé
98844e06-9585-4fd8-92bc-7eb150958fd1	Mauro Antonio Burruchaga
151b2db8-d97a-4840-b9ca-b666d8e28acf	Mauro dos Santos
21921056-2b52-4526-a466-e3780cfb1ff4	Max Dowman
d66e6142-827c-431c-9eec-48d29509c0f1	Max Finkgräfe
20bf7699-bcf2-4e83-a728-1c7a72c0cf3b	Max Kilman
27c19d2e-8960-4122-8e08-9308e45bc5fd	Max Moerstedt
e6d7a9db-bdf0-4624-bc78-c53ba4c16540	Max Oyedele
7eafa972-bc1e-4dd1-9332-5f889b9df6a4	Max Rosenfelder
8642eddc-7141-47fd-8abc-7e22edaec49b	Max Svensson
94214ca6-394f-4223-a449-09d82832805a	Max Thompson
f926e526-9b67-425e-a648-aa64f73faafa	Maxim Dal
d6d7c509-2541-4c2e-b4ab-f6ecb5e0d1f4	Maxim Leitsch
539fd430-ffa4-42a9-a889-d938e86e5b04	Maxima Goffi
ef798a4c-b11b-4014-adf3-fcb295ff874a	Maxime Barthelmé
77e998b0-78a5-487b-b7d9-a5b7ec497e22	Maxime Pélican
75e7a377-685a-47cf-a45c-06c7ed0708d5	Maximilian Bauer
241f28fb-2a8b-4326-90bc-95b978214e56	Maximilian Breunig
8b381635-7550-42aa-b954-44fa38a7139f	Maximilian Wittek
b89262e3-b037-408e-9d68-8d759054e2ca	Maximiliano Caufriez
d77f0fa7-7e2a-4810-96ad-551a7a518ff6	Maximiliano Olivera
f1712571-6bf3-4920-9f2b-4ab7a124faed	Maycon Cardozo
987ab33e-6735-44bf-9faf-e2450dd59cdd	Mbaye Diagne
3f35e84f-2e44-4a7e-b4d9-65137eb12a08	Medon Berisha
9840975e-1ab5-497f-961f-ad93b5915f2d	Mehdi Chahiri
bdc71647-abf3-4bb9-a895-0287022aaa1f	Mehdi Lacen
bfeaf031-9ac4-4dfc-8829-89b9840a21f0	Mehdi Léris
738312d4-9b96-4c0c-a0db-61e22e29e8b7	Mehdi Merghem
568cc55d-6310-45c0-9276-a7023e87b04d	Mehdi Puch-Herrantz
c05b1fb5-1cb3-40e4-9b07-4e6f2532771e	Mehmet Aydin
79072e71-eccb-4874-9f79-33f634aaa03c	Melayro Bogarde
c546cb28-3d67-4ecd-826c-3ae4e34b31fd	Melker Ellborg
6aa8dd22-4967-43c9-a4f4-38904f74cc07	Merlin Röhl
2a456ccb-a43b-40c0-b875-fbff03bbfc49	Mert Durmush
193ab475-aa9b-448d-a8ef-10e3e7c0d717	Mert Kömür
7a8724a1-97e2-44b2-beba-8824fe4982f2	Merveille Ndockyt
64c14db6-4fc4-43bf-abb9-1495ef9e1957	Mezian Soares
81dfe013-001f-4c76-aa6e-d99313f79bfe	Michael Folorunsho
bf878ee4-a4ec-436c-aeb5-74eed80d3dbf	Michael Golding
2ab7251c-6f58-4fad-87a1-ebc5078bfe76	Michael Mellon
5ce72403-2622-42f4-940a-ca95f5e71665	Michael Ndiweni
ba5a31e9-fd5a-4d0e-8a59-eb53423462f0	Michael Obafemi
210b2ecb-a8a0-4952-8c84-4e86029abf7c	Michael Olakigbe
207d7523-212c-4fa5-8c90-e4456c414c55	Michael Olunga
8d8bee65-b018-4644-8b69-31903bee2a18	Michel Aebischer
2b79c5d1-110f-440e-9a3d-0d01228b430e	Michel Mboula
9d4715af-6547-4b05-8b23-d9edf8df9e20	Michele Cerofolini
31e84ae3-c133-463b-9f31-f0fa705f3f90	Michele Collocolo
2b3450c3-bb1d-440c-8e85-5f5194c689fc	Michele Di Gregorio
b8bfa02e-9dce-4ead-ba33-14e97f442f58	Michele Fornasier
39486d0c-4776-48ce-ab45-be75ed085b90	Michele Paganetto
78827edb-6d94-4878-b708-2dcd0f0acf09	Mick Schmetgens
540365ad-2fb4-44b6-915a-28364d6d3ca2	Mickael Malsa
0ec8765b-6c76-43ee-bb4f-6a0fa591bebe	Mickaël Alphonse
6f49bd9c-a04a-46db-9fdc-531188463188	Mickaël Cuisance
4eb9ff01-0743-4b9c-826c-5d2dc01e7707	Mickaël Panos
ef9a70b8-10db-44d2-a75b-55ce30f8d710	Miguel Atienza
0179c9cf-9c2f-4472-b0e8-713866cea47f	Miguel Calatayud
18eac1bf-1d6d-4ccd-a5be-87bb3ff5cadc	Miguel Cubo
a6fcfd60-a87e-4ff6-a8eb-11eeda0556ff	Miguel Flaño
fc00b2e1-9996-4d4f-aaf9-4b0b69bc30ae	Miguel Gutiérrez
5ec5d737-9c3e-4dd8-81de-994eefa245a7	Miguel Juan Llambrich
0f3568b3-5c26-4b3c-b88f-154639fdc068	Miguel Marí
fa2e7718-89d7-4c6e-b9d3-52106f7e0531	Miguel Román
c7b42798-6ab7-4dba-b96b-64b71b5f73f4	Miguel Ángel Rubio
542202c3-af73-42d6-94f3-df7da989f3c3	Miguel Ángel Sierra
a0b1cf6d-492b-448d-b3dc-c6ff95330786	Mihai Dobre
1687b3dd-189d-44a0-9661-05318b310062	Mihajlo Ilić
f1bf41a0-579b-4c8f-9f2d-1a8f71c2b9a8	Mikail Maden
7b8efd12-af47-45d1-bdc7-429fe240f6ee	Mike Penders
f4b60867-b2fa-4f1a-b396-61dc7240fd17	Mikel Amondarain
aad5941d-f103-4d11-943f-981ec74ba215	Mikel González
af5c577b-05bc-4fe8-a693-a33456713eca	Mikel Rodríguez
ebd5ec25-2618-4315-8353-7bbb1afd6618	Milan Đurić
b763e55a-dea9-4d47-971a-c415357e87b4	Mile Svilar
10557e1a-a06a-4bcd-8acd-e54236012223	Miloš Vulić
48473109-3afd-47d7-8153-21cbda6aabe7	Milutin Osmajić
cc52a35f-0468-4b4a-8293-7be64d0dfd8a	Miquel Parera
1b4005f2-c9ad-4a72-9125-b202e9055f8c	Mircea Ţîrlea
63117560-7bc2-4fca-b60c-851f94f43c48	Mirko Antonucci
b3a46f98-d5f0-403c-9113-0dadcc5a64d5	Mirko Eramo
2044d557-a71d-4152-947c-98767846177a	Mirko Marić
69ef6011-918b-4391-99b6-b35309da116a	Miłosz Piekutowski
7762b40e-9089-4a39-9a8c-3a5b90f22b99	Moanes Dabbur
f839923f-7d0f-4d15-8a54-addc1f8595ca	Modou Diagne
5811c7d2-cd0d-4ab3-977d-3e0581b0cee1	Modou Kéba Cissé
3cb0d452-8096-47c7-a194-684205eeefe1	Mohamadou Kanté
d2f1458b-2e18-40b3-b092-b45d5a85cbcc	Mohamed Achi
7ee693c6-7b22-4f86-abe0-a194c6715337	Mohamed Bamba
220c1887-10e7-4254-bd5c-0746cc971ae5	Mohamed Bamba
37961eb8-710c-4b51-82e6-21159d8fc8e0	Mohamed Bechikh
8b34660b-60e1-4cbc-ad76-69fcff8d3d6f	Mohamed Benoit Dao
a4305072-c152-449f-ab93-6339e0c25f48	Mohamed Bouchenna
d87a6d1a-dc77-4f25-bd8f-1ba52db5416f	Mohamed Daramy
cde39be5-4656-4c72-88f7-cbad2264ada9	Mohamed Dräger
c877df7f-7ae4-4954-b6c0-9b1b638ea0cd	Mohamed El Arouch
a9eed3db-da37-4d99-a083-b3ecc9825660	Mohamed Haj
deeb619b-046b-4d2e-a757-e103c5b8f9a5	Mohamed Kaba
6adbb6f2-2ade-4cd6-80ea-e0c702bc4dfe	Mohamed Lamine Bayo
9c49b52f-dbb8-4338-85d7-0f6d9e9e8568	Mohamed Lamine Diaby
e6347e04-be86-4c00-a631-7e523d281a06	Mohamed Mara
83dd7ab5-e0ae-476b-8a7e-af035a199de9	Moises Parra Gutierrez
723cc3da-77d9-45ee-9917-9401f965902a	Moisés Delgado
f567fe09-6e1e-428e-b1f0-1be7fd9fde85	Monchu
8861160b-d165-4549-b967-05eb9d84c30c	Montrell Culbreath
a063568a-b812-4b76-b574-493b1fd075c2	Mootaz Zemzemi
d4ad4a08-991f-44b1-bab2-ba89189a5186	Morgan Bokelé Mputu
32d1dd91-a6cf-4055-b949-0f0df9e586e8	Morgan Costarelli
3b550820-b027-4eaf-a6ff-f26f003713d1	Moritz Bauer
3bde936c-bd9d-450c-a09e-9e701bbbac81	Moritz Hartmann
73baef99-f48b-452c-8d5c-1c91a60e7e72	Moritz Jenz
4e54764e-b0c0-402e-b602-1ecb0db537e3	Moritz Nicolas
3358c27f-6f92-44fc-9082-6b8d9eb8a608	Moritz Reimers
a7ef631f-0c17-4656-83fa-415f045881f7	Moritz-Broni Kwarteng
3fcccf93-97b9-4b8f-bb4d-7e574f415dea	Moryké Fofana
d5fd5586-f2c5-4658-811e-cacc9b097165	Mouhamadou Drammeh
adb1c9b0-0f96-43a0-a952-5047661078df	Mouhamadou Sarr
2a7bed22-ac90-4a37-acc4-f98c6e954063	Mounaim El Idrissy
fac4c8f2-477b-4198-9ab9-fa79dc1519f1	Mounir Chouiar
a268563c-7d35-407b-be3c-9a15f7261688	Mounir Obbadi
ea01c979-0ebd-4ce9-b6ca-75a184f22298	Mourad El Ghezouani
a367afa9-0084-490e-9a12-6986d63fe3ca	Moussa Diakité
edfa98ac-5763-4f97-9862-ad79344311b9	Moussa Seydi
36bd1e4c-615c-4724-b1f5-ad4c704e543e	Moustapha Cissé
46c941d6-f479-4641-93f9-0fe6ed515e63	Moustapha Mbow
105ecbcf-cc9e-4f7b-b8a2-bccf8fa7f2de	Moïse Sahi Dion
ac7136ee-f3a2-4eef-935f-9356f8506ee2	Moïse Sakava
874c931d-b01c-438e-a0ff-85873fdb82b3	Muhammed Cham
b5af5841-9ffc-484e-8ef0-260db608e30f	Muhammed Damar
154dfcc2-c53e-4268-9f85-e7c0a08722cc	Mujaid Sadick
ed6f27db-b27d-43e5-98a0-f266b8842c15	Mustapha Diallo
da1a5955-92be-44ec-8809-440a4ed593c4	Márk Kosznovszky
11410156-014c-4eef-a021-fe9ea47c604a	Márton Dárdai
5775b3f3-0a63-4e1c-9335-fae2adf41ebf	N'Guessan Kouadio
9fc5d582-1286-43b8-8b4a-8b6570fc6ff1	Nabil Aberdin
bb742854-948c-40d8-b402-d39167c762b2	Nabil Touaizi
1f52ce2d-b693-49a1-aea8-d94e76a46941	Nacho Ferri
8bc9fe0e-5ddc-45b6-9b36-3d86158dc1b5	Nacho Gil
0479d6be-7184-420d-a048-b0d5b8fbfbcf	Nacho Pérez
a8a03636-c0be-456e-8b7d-5547d5e66bdd	Nahuel Estévez
7bdc50e1-373f-4817-a737-8f05e838b5b0	Nahuel Tenaglia
b982dfaa-e027-4d30-beef-64b496919498	Najib Gandi
df759157-d6f0-42eb-9fe0-1a1d274ce6e0	Naranjo
db7de394-3f18-43df-888c-5c8186696aa3	Nassim Chadli
a34db7dd-5f61-442c-8c75-2e963ec62806	Nathan Bitumazala
6e0684f1-f5f1-45e7-997d-3106866dec66	Nathan Buayi-Kiala
d747c930-26f7-4ede-a716-62d76191f905	Nathan Butler-Oyedeji
5c28cc7d-cc6d-40fb-b0a7-994de9ef688d	Nathan Mbala
ae34b352-c377-419b-8751-8f1471c36a70	Nathan N'Goumou
fc6a4ea2-000d-4dbc-84ae-cdd874620c14	Nathan Tella
870b5f01-9739-4111-ab46-563d07953e05	Nathan Wood-Gordon
1e6c9d55-de52-46a7-8c70-38cebfaf94d9	Nathan Young-Coombes
e6c0584a-8435-4472-b736-cc7454142609	Nathan Zeze
94ba8e06-126c-4b8f-aab7-76eb9142b9cd	Nathanaël Mbuku
a741af7b-5d6c-482c-9111-4659b6163381	Nathaniel Adjei
c073fe6b-fbb8-45fb-97f5-9d850c694520	Nathaniel Phillips
875fbe7a-c717-4034-97e7-5933834f7dc5	Ndjicoura Bomba
b187ace2-e833-438d-8d64-fb975c8a87fd	Nediljko Labrović
d08c472a-56a4-46f3-b303-0404b266e76b	Nehemiah Oriola
62ee0372-36de-4aca-85c4-6b3872f71b71	Nehuén Paz
48c4cd55-a4fa-49fe-9795-3e0268cbc42f	Nelson Deossa
d347e259-1f16-4259-a99c-a370ae124400	Nereo Champagne
5bfe5435-72e5-4aa4-b255-b92db5eb0697	Nesta Elphege
d06ddfee-41c5-47c8-b99d-a3e5c6d91676	Neto Borges
893dcf89-7702-41be-9ef2-a379a1b594f6	Ngal'Ayel Mukau
2d063404-5113-4831-873f-cdb09067a755	Niall Huggins
5456c1eb-4575-4689-899e-d1267716effc	Niama Sissoko
79b937bb-feae-4faf-b389-b7d021a4ee68	Niccolò Fortini
0e7484a8-2208-459a-9769-3a53d194456b	Niccolò Manfredini
fba8082d-e02d-4737-b785-29d46ab5eb54	Niccolò Pierozzi
8973d7a0-d84b-40aa-8689-b6647c5e061a	Niccolò Pisilli
8a859145-5ed4-4927-a69d-e818c80bc417	Niccolò Zanellato
9dbe3a0a-f734-4c3e-b348-011aa289bf01	Nicholas Opoku
38f11561-4557-40a7-9c2e-d506b467feaf	Nicholas Pierini
0aefb6fa-3199-4786-bdff-4cfd6b6a8adc	Nick Proschwitz
04e884cf-d398-48e1-877b-4491081c4b54	Nicky Beloko
8495ac2f-c810-4b98-9352-b4d7398045c7	Niclas Thiede
4b720287-b272-4a08-aa5b-5db1ea46c737	Nico Ribaudo
0444d01b-af54-4347-8ee1-845eab11fc25	Nicola Bagnolini
f9b5d611-a2f7-4baa-85a0-83d56cc0e86d	Nicola Murru
a5193bcf-7ae7-47f4-ad3f-ebc059de0b1c	Nicola Pintus
b8986a2c-4680-44fa-b0ce-dbf73379706b	Nicolas Basin
d1395739-3842-48a4-8cad-bfcfffd35b8a	Nicolas Haas
1862a92f-a82f-46c4-979d-d55df29f6749	Nicolas Lemaître
5c113f9f-8c3c-48e7-8213-1ec27301fc0e	Nicolas Pays
3ce90439-491f-415e-b0f4-86a0130943aa	Nicolas Trabucchi
e46887ed-f535-4164-a902-e8a93501ab5b	Nicolás Domínguez
6b666315-2fe8-486a-b61f-130eb1b44fba	Nicolás González
6fd4d509-73f2-4afb-8e59-8f57fb429d75	Nicolás Paz
302fe3dd-ed94-46d2-b9e3-94805266d481	Nicolás Serrano
96503fd0-ee7c-4b00-8d76-6974ee834c46	Nicolás Valentini
88c440cc-7361-4485-a1b6-4534088358c5	Nicolò Bertola
f60d06bc-bb30-4858-bc4f-46328add834a	Nicolò Cambiaghi
409100b6-a589-4ad4-a3b4-df0ef13323e0	Nicolò Casale
6738aec2-3c30-4ad4-83c9-88c10d13e981	Nicolò Cavuoti
09bfa915-b787-4f95-9b49-be796e2068b0	Nicolò Cocetta
95332ba8-3283-4123-93b9-4d3328e001f7	Nicolò Fagioli
19d96bf2-607e-45ed-b0be-9cee26167867	Nicolò Fazzi
74781e26-1296-4e20-af5b-108c7604210c	Niels Nkounkou
2240d740-4cf5-4f5f-b72b-cbc4d5694e7f	Nieto
156eb374-6d03-47df-a7bd-595339983561	Nikita Contini
602ff9ff-74b9-4f8f-9227-4047c343577c	Niklas Pyyhtiä
c62856bd-5ce9-4f94-8f38-7b6ec91d8e86	Niklas Tauer
86f46237-9d72-4341-bdfa-b67397c1ebd5	Nikola Ninković
eee8173b-94d4-4be8-8e1a-5a776462d8dc	Nikola Sekulov
994ce36e-d6d1-4499-8cff-f8d269098d12	Nikola Soldo
549ca05b-9895-4686-9db6-3f180ed95d7f	Nikola Štulić
9bed2f55-5e08-40f1-9255-334e1d287c50	Nikolas Veratschnig
9c519617-9b86-4f2e-817d-dc943c0ef8bd	Nill De Pauw
693cdc48-b599-4e83-a27c-5a079d0c86b4	Nils Zätterström
b613a1b0-8938-4cfd-8d5a-857488d01985	Nishan Burkart
cf2356ef-27f7-470f-8e26-d91ca698128c	Nnamdi Collins
88f7fe06-d82e-41fb-a196-62683bd1f500	Noah Cadiou
25f45bc2-6daf-472d-a416-3335cdf2249b	Noah Fadiga
67d4f242-d082-4425-84ff-be50028597a6	Noah Fatar
443fe318-bad0-436f-bdfa-8a7f5130cfbb	Noah Mbamba
5e233b0b-71f8-4e79-aeca-9636e1433112	Noah Nsoki
b54d0f2b-773f-48ef-9873-1f4474d6f52b	Noah Pesch
7c7f82c5-c2ab-4519-bd5d-cd73f9417323	Noah Sarenren Bazee
1533b007-1514-4ddf-b7bc-1e2acee70eb8	Noam Mayoka-Tika
19b029f9-475a-4ce2-9d6b-920238767194	Noam Obougou Jacquet
0e3cb940-31bb-43b3-b864-2ec986a46cee	Nobel Mendy
213052b8-9a78-4d8e-b2cc-8bfbb9dbec32	Noel Futkeu
a02306a3-7727-4bbc-81a7-6719195dc308	Noham Kamara
67841002-aeae-48c3-b3ab-63718357c2aa	Norbert Balogh
edcaa90a-6dfd-412b-b372-775a09cb7bc2	Nordan Mukiele
ad4e0803-a5a3-4879-86df-842fac72d175	Nouhoum Kamissoko
349dbcf0-64b6-4f0e-9db6-b7ca2d3e3fbc	Noé Poillion
c595c790-f687-4c89-a2d1-718403942b73	Noë Dussenne
a626367c-41d8-4bc2-9eaa-ad5a06eafd4c	Noël Aséko Nkili
ab24998f-7669-44d4-a66b-bdefa0368631	Nuha Jatta
8e171bf1-08be-44cd-b900-3c801ba9f032	Nunzio Di Roberto
07afb6fe-9fac-48f2-9573-378d94ee3e3f	Nunzio Lella
33e8a828-3c26-4a10-adf7-0b1d9824be33	Nícolas Andrade
85a45d66-298a-4d95-a708-5a8384614bfa	Obed Nkambadio
05f3660f-d145-4c67-b7c4-05b881d932a6	Obed Vargas
4e778046-da14-4fa0-8377-1a64da2e75d7	Obite N'Dicka
ba42606d-9d0a-4fa8-9be6-0f04962b52b8	Odeluga Offiah
cb1cbede-8470-480c-a65d-065484e152bf	Oghenekaro Etebo
5cbee8cd-51df-4255-92e3-538d661de879	Ognjen Stijepović
61fa588d-14af-424a-88fc-2a83461165c0	Ohis Felix Uduokhai
d929e865-dfbb-42fc-a9bd-ab5f647d7eb7	Oier Luengo
24f4b9cf-a2f7-42c9-b563-988929e38096	Oier Zarraga
cc9cc295-5cdf-4c91-aa3d-9f953366113f	Olabade Aluko
1c7aab06-43e7-4061-8318-12a525a683b7	Olaf Gorter
eb9592b3-242d-4a34-a592-df265271aee8	Olasagasti
a2f95f47-4d55-427d-8019-476684e804f6	Ole Käuper
7c764dcc-2be9-4aa4-ab5f-2765d0425336	Ole Selnæs
6257d7aa-ad05-491b-b1ef-2a0c336ba529	Oliver Arblaster
44fa1810-36b1-496d-9777-373ac2da9497	Oliver Jensen
9721b5a3-6768-4562-a053-22a9536adc20	Oliver McBurnie
9ae926cd-8182-4fcc-bf58-dd8a273102c9	Oliver Nielsen
f1d96f60-63da-4c2f-a319-9a66e038140b	Oliver Zandén
e0a9757a-82f2-4100-9485-2cfcb7104d4d	Olivier Deman
7e3f1e7e-dff9-4cde-a7a6-1fd04b8d7ca9	Omar Correia
ea367ba4-cefd-4a46-986f-bea81d094736	Omar Falah
9cd0fe1b-53ab-4074-b121-67a6b4377c5f	Omar Haktab Traoré
f891b306-8060-4526-84ba-135d08ad9701	Omar Khailoti
9a410372-b7e9-4b31-bc2b-c1a5a6ed1e1a	Omar Richards
39fe8533-8a20-4e4b-a749-48eaed80999b	Omar Traoré
d6a7db23-cf71-4cea-bd71-97ff11366d74	Omari Forson
9f8e3552-8eed-4e8a-bbf1-249088913389	Omari Kellyman
f2688400-0b69-44a9-b540-1cb73bf3d6f3	Omri Gandelman
61b83d10-001a-42ae-a9b3-425b6e19e07e	Opoku Ampomah
efe07fa4-6aee-427f-becd-d42c73c77eb2	Oriol Busquets
0b49aa85-19cb-4598-bffa-059b70701095	Oriol Rey
352b6d5a-886a-4cda-9e78-55d4983a5602	Orji Okwonkwo
4848b28d-580a-46e8-b290-359236cf4d0e	Orri Steinn Óskarsson
32d598bc-3496-407b-a66e-bb3741ea0ad9	Oscar Ureña
159f2af1-8d0f-4a1f-bb40-6fd97f84830e	Oskar Wójcik
93e35d7d-136c-4f78-b4e9-5e066016c068	Ota Yamamoto
79dc2b91-8a67-49ea-b321-25945ce15c8d	Otavio Ataide
8a138196-146e-4d5d-8538-a8b1cc5855ab	Othniel Raterink
ca5d4500-55a2-4925-919d-a2a67ace66c2	Otávio Galdino
a3b80933-d8dc-4251-992a-5563e1a3bb0b	Oualid Mhamdi
599350af-1c2e-464a-aa2c-a4a6bf30d9ea	Oumar Ngom
b99487c7-ab76-4602-aa6f-a44beb429049	Oumar Pona
726f402b-b9d5-4109-b861-3fe5745e9863	Ousman Manneh
b56fb063-383b-49d2-8300-77442f19384e	Ousmane Diallo
71225e95-e703-4483-915b-61060542b366	Owen Bevan
b4ee31f5-466d-406d-96ca-7404edf3bfa7	Owen Otasowie
2f0cad85-59a4-41d7-857b-d9238b759d39	Pablo Agudín
9f22e127-ace2-4506-81a3-647977103cac	Pablo Barrios
39307f43-b593-4416-97aa-c512bd1df1c0	Pablo Busto
ddbdfc2a-b49d-40b3-b863-bffb644d478a	Pablo Cuñat
3d9cb955-a7cd-4474-b2b5-966e7f73cd4e	Pablo Durán
6fee091b-e98d-4772-b242-105b0c6bb362	Pablo Fernández
df4c566e-7cd5-4003-845b-da296ab23c0f	Pablo Galdames Millán
f8fa6a69-468c-417a-917a-90a1f9a6f224	Pablo Garcia
eb4ed581-13e2-4260-b3bc-b9bacd0c5bd0	Pablo Gozalbez
63e69812-5cfa-4885-ab8e-d70bccf50efc	Pablo Hervías
ae2084ee-ccc8-4bbe-a977-9c745d7b2fa3	Pablo Marí
b6762fa7-4032-4fe8-9b6d-b481e8f7c9ee	Pablo Muñoz
8ad84dc9-9346-4bd1-8cb0-cb990910d4f3	Pablo Rodríguez
9725d644-0a18-40bc-91c0-0bdaf79207ad	Pablo Saenz
ef61c9d9-057d-4ec9-9c15-dc3022e6e8fc	Paco Cortés
03a0dc88-a9d7-4be8-a251-d375714d9016	Paco Sanz
15ff2e1e-36d0-4512-a7f1-263b9b91b1c2	Palkó Dárdai
e8d266e4-4835-4268-937e-05faa159aeb5	Pantelis Hatzidiakos
bff66008-7bb6-44e8-8203-16caad636556	Paolo Ghiglione
213ce3d0-9f51-445b-863c-78f87389616e	Paolo Gozzi Iweru
4a685971-4414-4b95-82b3-d09862de3b5e	Paolo Lebas
80eeed5e-79e5-4627-85b6-0013fb88748e	Papa Amadou Diallo
06551b14-e104-4c46-b427-c172132d9031	Papa Ba
d955f644-572e-446f-8f62-b802e423b362	Pape Cabral
ca517bda-d147-454e-ac94-fd59c0957417	Pape Daouda Diongue
482d5f93-9fe6-4cb2-a1ba-50cacb353ee6	Pape Demba Diop
68c05a98-dcef-40ac-add3-6f255a93fae6	Pape Mamadou Sy
aa6b5edf-86b6-45f0-8374-4395de4ad522	Paris Brunner
1b505386-398f-410c-aef6-c1e641976907	Pascal Klemens
ac74cb9f-45fe-408a-9567-e1287ebce7fa	Pascal Struijk
4209dd50-a3d0-47f1-b95a-1894c87a027c	Pascu
232e8ae5-047f-492a-bd16-5da64b1c7131	Pasquale Mazzocchi
b517e5e8-37e4-4ed5-82ac-b69870986ea2	Pathé Mboup
3bee4870-9054-483a-89cd-f1fc95a838c0	Patric Pfeiffer
e1c1207e-0a61-4c82-8b61-81e8f58ca3d6	Patrice Čović
9ed7c19b-e0b0-45d7-8480-c3af6638d163	Patrick Banggaard
bca2cb5a-77f0-41fe-af3a-194292c2fba5	Patrick Burner
e03b5b8e-18c7-4b57-b393-538e33c86e84	Patrick Dorgu
b3d4655b-ee63-4ee1-a480-5dc5d92f8db1	Patrick Erras
3a8247ca-127e-424c-b92f-673f7efc3523	Patrick Leal
60526db6-83ef-4546-bf02-cc92e543494a	Patrick Mainka
39bfcf68-d3be-4d67-8b55-3cde47372269	Patrick Osterhage
06172f0d-e94d-4767-b42e-04749669f224	Patrick Ouotro
4031946f-9756-48c7-b4b0-972b778c1a1f	Patrizio Masini
590fcb5c-75f4-47cc-a646-250775ac26d8	Pau Cabanes
5ca084c4-1415-437f-9284-e61f11382da4	Pau Navarro
da3a4800-dcb8-4c1a-bdbd-15db2fcd7f60	Pau Victor
91047e98-094e-40b5-99ec-08ec3847c1c9	Paul Argney
3ff81f47-ac93-4a3e-ab05-afb4336748aa	Paul Delecroix
837fe99a-79e4-4dbf-9580-b6cbcc8fabea	Paul Hennrich
326a03fd-71d8-4ead-a52e-4638f6fde14e	Paul Joly
0c459540-d8b3-4d62-8103-1c9dc4cafa78	Paul Mendy
6687b926-aae1-4dd8-aa49-4ff0b50403c8	Paul Okon-Engstler
3b11f53e-d171-4f90-a178-53f3a19a0fbc	Paul Reulet
81df3236-f8fd-43e3-836c-e5760ab5fdbc	Paul Seguin
3726d94c-5a93-4455-ba34-2ea5fc15f2db	Paul Verhaegh
6b163a07-1c7a-4aba-89bf-23d34edf931c	Paul Wade
09346fa2-96e4-4799-916d-576258d13694	Pavle Ninkov
183c0508-f860-4906-9c2b-b48c5a4306d8	Paweł Jaroszyński
fbbcc11d-9e5d-4c63-a0e4-044a2e389c79	Pedro Benito
9918923e-567a-4f25-961f-cc4794425cfd	Pedro Bigas
b50d672b-6cc3-4a7a-b6bc-0551dae1d51d	Pedro Brazão
d3bfd72b-62fd-4b6d-ac26-7780493bdbe2	Pedro Díaz
584b59f9-c41a-4ed6-b73d-20f07b74a196	Pedro Felipe
97bf839d-3836-4458-8dab-1a00c75d56d1	Pedro López Muñoz
63c9e545-71e3-4d61-a83b-d55ea5531616	Pedro Ortiz
2e30eb51-0f88-4e3a-af3c-ec6aa4ed550d	Peio Canales
8f7c557a-fd54-45b1-b4a1-3baa8c342548	Pejiño
2d379a7f-38f8-468e-9f02-751d1a5d1eb1	Pelayo Fernandez
44cc9120-2570-48b9-83bb-335f5461f2a3	Pele Arganese-McDermott
8d64179b-4bd8-4fb5-ba66-b7cdb7b6e1e5	Pep Chavarría
80ddc01b-ba90-4d16-98bc-27074d340cad	Pepe Sánchez
9dad0ed4-b678-4360-bc5e-d95e6fa08829	Pepín
a728c86f-c63b-4eea-b36d-329f763aa17c	Peque
cc851b4c-adb9-4bda-9458-a247b4a6b7bc	Pere Milla
75122d02-5706-4c9e-a2d5-0fb1b63628fc	Pere Pons
1aabbdce-ad53-4534-a6e6-86e28bfe342e	Peru Nolaskoain
f72828c2-001a-4e9e-9476-e688d21b56b2	Petar Brlek
efd4dc82-a119-44e2-93db-16691415c87e	Petar Zovko
a3c117b9-7834-4e76-9a30-9ed66715e27f	Peter González
8805494d-9a7d-41fa-8bb6-e8ee170af1f6	Pharell Hensel
78cd8335-5f16-4379-b999-e1b16d22d889	Phil Bardsley
3168b98b-9eea-4e6a-b686-3329f80b3909	Philip Ankhrah
83a03e38-c513-4525-b4bd-bc31bd90f1e6	Philip Otele
b5d0117f-07b4-491e-8c4e-fbebb3b5bc6d	Philipp Förster
55bfd04c-5359-4382-8794-7be7dc45e831	Philipp Ochs
9fdbad37-2f13-47c5-91e4-7b113c629d2c	Philipp Sander
be78cf40-b211-4df0-9ea6-9be338e11965	Philippe Koffi
9c373f4f-3fb1-4c48-bf92-a046e2dd9505	Philippe Sandler
30216ff9-c2ce-4c0b-b50f-8945544b61af	Pica
6a9023a4-cb5b-4152-a79e-04104e968eb2	Pierluigi Frattali
b9992772-ab3c-462a-a9f1-26a57784fcf4	Pierre Cornud
7cfbd33e-579a-4b27-a9ab-c05ebf1bec27	Pierre Mounguengue
49df9fa0-25b7-4028-9379-d1e7564e9c11	Pietro Beruatto
1934b728-5080-4c5c-aa0b-848ff507644a	Pietro Comuzzo
dd694a69-a65f-4b86-bfff-1ac28e8e0170	Pietro De Giorgio
10dca744-611a-46bb-af37-6dbdc96f3ed1	Pietro Pellegri
41655105-07bd-4aab-ae4c-81f8081ac7c7	Pietro Pinelli
03629bc8-4738-4028-8347-bf7f77ac32fb	Pietro Terracciano
1017cbb0-0fb3-4c48-bcea-3cf1cd7a16eb	Plamedi Nsingi
47bf36ec-4b5f-4f0d-ae9a-b6a30013b8fe	Pol Lozano
7e246223-ee3d-4de8-b403-b9e949f8999d	Prince-Désir Gouano
d714187b-4a2a-4805-ae90-cd7ef4fd46d2	Prosper Peter
15d56250-798c-4557-b994-0ba948e24a2b	Przemysław Płacheta
10f8feb8-b419-4a2c-b7ea-ffc34b5fe761	Quentin Depehi
3865ab0a-b1bd-4dfd-a22c-168e2b55c357	Quentin Ndjantou
d548d64c-cca8-4422-841a-a5558f01125a	Rachad Fettal
f7034d6a-b1fc-430e-9faf-6da988b8faaf	Racine Coly
bba9f795-240c-49ba-a533-51496e264435	Radosław Żelezny
550489aa-9862-45c5-9e7e-630482be11e6	Rafa Marín
8e749ea8-a899-4c96-9c64-24a4b9f15438	Rafa Soares
19ba5f83-9c28-40e1-8dbd-550946b00d5b	Rafael Bauza
d8795159-22aa-431f-a6f5-81d402109c7b	Rafael Gonçalves
a7fb9958-e08e-4d6a-8286-5226af0b7a4c	Rafel Obrador
0df3b5bd-bdbe-499d-9736-3feaca26ef22	Raffaele Di Gennaro
0a0a1a8a-01f5-43b0-ac1b-a63fed766177	Rafik Belghali
cda2be11-6450-45b8-9fd4-101a2d3382b2	Rafik Guitane
22c2e4f6-7e9f-44bb-afbc-6aa9fde36d39	Rafik Messali
051d6298-bb99-41b3-a5e2-e2fb0c0e1999	Rafiu Durosinmi
4f486cb2-ef27-47b9-ab11-ff904f8ce4ce	Rahim Alhassane
5fd01b1d-bcf8-4174-a1fa-64a8ab8dfcb4	Rahim Bonkano
56ebeb7e-8396-43ca-bc91-812b39f0788b	Raimane Daou
f0da2d25-eff6-4c23-96a9-b0c91324e1b6	Rajko Brežančić
97ba4d97-9810-4bd5-b361-b4158aa745aa	Raman Chibsah
02baf5a2-708f-4d1d-89b5-54fc13305b94	Ramiro Guerra
c2190f6a-36f0-40d2-a660-c6f54324ea26	Ramon Azeez
8cd01fed-3481-4909-a9e6-2e46223cf96f	Ramzi Aya
47e95958-816f-4618-bcbb-d7024cad7b17	Ramón Folch
596ee0ad-0840-482d-9d10-aced031c8b3e	Ramón Martínez
8bd9d1d6-c628-4948-845a-4fdb19e9e53d	Ramón Terrats
e59c0b36-f859-49fe-84e3-c2419b7d27e2	Randy Nteka
406a9409-c930-4403-9427-0cfd374cfd24	Raoul Loé
0925ff72-043c-4372-b893-8abc4222255f	Raphael Framberger
916dea32-7951-4868-8e70-c0f35591cab2	Raphael Kofler
5094e560-5702-4032-8923-58e1fb2647cd	Raphael Le Guen
fc53ab66-4d74-4118-a327-84ac1b5caab7	Rareş Ilie
e332fb08-8a8f-4370-9b40-106b06466c83	Rareș-Cătălin Burnete
16d8d27d-d42a-428e-abc9-5bb654fba9ea	Rasmus Carstensen
a6ea8434-d2ab-4600-9d8c-e477d6d741dc	Rassoul Ndiaye
7a37a773-9850-4a49-89a3-a902fb2ec3a1	Rav van den Berg
e5f1faca-a606-4c7e-b42a-cf17efeb8579	Rayan Fofana
c0ebf2a9-e432-4a4e-9257-c5b2b99d1933	Rayan Souici
da77e25b-f85b-480b-9a54-cd3c9ea06587	Rayane Belaid
0bd7de51-52d1-4d98-b69d-f95079aff6e9	Raúl Fernández
1de85958-9559-4128-b9c7-b1a746651bc3	Raúl Guti
9dc8e477-f4e8-4a99-8969-450d9c3639d1	Raúl Lizoain
ee553d01-42b4-4bbf-a676-cef96e8b8b24	Raúl Parra
e9202dd7-a21c-45ef-a385-f175bf601013	Raúl Torrente
f77a03d7-7a3d-42c6-a021-a91af61bbbad	Raúl de Tomás
59d356ca-9bfc-4792-ba92-da14bda65432	Reda Belahyane
31f8dd0c-3e08-4713-a1f2-7a4aaea2e8d0	Reda Khadra
5bb888ea-56e7-434d-b7bb-06fb2825b8fe	Redwan Bourles
86f1ae1d-b5fb-4f22-b04d-4a147ffedde9	Reigan Heskey
28038002-cdab-4abc-af79-26e789a0df27	Rekeem Harper
c515ca0b-316b-4276-8452-69ed4f7bfbd5	Remy Rees-Dottin
8fb36961-1bca-4899-8b38-82db6df3dc28	Renato Marin
5878e461-7514-4522-a48c-a56fab32f1e1	Renaud Cohade
6b53ff39-9059-4370-8be8-8935438166db	Renaud Emond
514ff5d1-5cec-4efe-b7d9-c400f6d26f7b	Rhys Healey
1e584cc3-b491-40a6-b6a0-0be2242d82f2	Rhys Williams
8a6b6764-83ca-4a60-a764-eca53be7c11d	Riad Bajić
c464ef85-75b7-4127-92cf-f6f87569e6b2	Riad Nouri
c17e5200-6d61-4113-a02c-ea084fe96e7f	Ricard Artero
08977710-2da5-4d5a-89a2-a2322b07b1e5	Ricardo Mangas
67d681e7-c85c-46f3-90fd-1914e2c95504	Ricardo Visus
fc5e359b-a8d2-49c6-bd0e-375b3d15934e	Riccardo Braschi
1b580c70-9ccf-477b-9ecf-6c0da45c5e0e	Riccardo Doratiotto
ed8aa979-3bde-4c09-9923-f9ddab345e7c	Riccardo Fiamozzi
9f3dc87e-f59d-49fa-b1f0-b7f2a93d7745	Riccardo Gagliolo
76d8dcae-96e9-4e89-85b2-229b4e94df2d	Riccardo Improta
6a02b957-dabb-49fc-a4e1-ef16a4836a52	Riccardo Ladinetti
003fd4c2-760d-4ed4-9b98-f2e1280d171e	Riccardo Marchizza
3c6951b9-d2c8-4663-b73e-45d8ed4a29cb	Riccardo Pagano
24edf2c3-d2ff-4dd8-bf1e-f35f350efa4c	Riccardo Pinzi
a40fe37e-1155-4281-a01e-71aa54c9941e	Riccardo Stivanello
ff27345d-b31b-44b0-aac8-882923d37548	Richie Sagrado
bde4d2a9-207b-413b-a955-7d3a0608abe8	Ricky-Jade Jones
9639a364-f9bf-4d95-9f08-8a4df9ea4bef	Rihito Yamamoto
92f4b582-6ea7-494b-a6de-08f946baf82a	Riyad Idrissi
80fb61bc-54f0-4274-bff3-30ac39953abc	Riza Durmisi
b0a2cc8a-e143-427d-8b25-6fc9ed08e4d3	Rober Correa
a4cdd097-bb7c-405b-847d-e6677fd33141	Robert Ibáñez
e5bb56a9-a3e1-4974-ae13-0e30c9a1dfa1	Roberto Arroyo
2f639eee-8563-4ec3-afca-f733707e8ed0	Roberto Biancu
081a6b15-acae-4d11-8c55-9a8ccb0396a8	Roberto González
a618956f-a41c-495b-b39f-5fba695e3ec9	Roberto Inglese
ab217ad6-6fc6-4832-a087-7a19359a3ef5	Roberto Navarro
792f1750-aaa9-45c4-b34d-1f16addf3406	Roberto Santamaría
170af154-889f-443a-baa9-0b4c3e9b52c4	Robin Fellhauer
a4f5612b-2111-4f85-90ba-42f3d5b39192	Robin Hack
a47886e7-1e38-4bf3-825a-d52cb9e09c5f	Robin Hranáč
aab771ab-f605-44b3-b046-2f99e363bc2d	Robin Koch
8bc6961d-b294-4699-8727-1b34a61777a5	Robin Roefs
d0e81dad-5479-42da-8543-9cc0aa9c5c7a	Rocco Reitz
2b75de2d-9bd8-4da1-8724-e8410bc528e7	Rodrigo Abajas
062f4233-9a70-4f3f-94f4-6c8d8535bcb3	Rodrigo Battaglia
03825f3f-e364-4a28-9682-485e25f431f5	Rodrigo Gomes
c865aa21-60e5-4050-9a55-8da5a3f09267	Rodrigo Mendoza
0a79a5b6-ef35-4061-bf70-203b9ddcd1e6	Rodrigo Mora
86399290-8471-49cb-bb77-b67018d8ed49	Rodrigo Ribeiro
9409e445-7757-4e06-bfcb-a873f7638379	Rodrigo Zalazar
1fa5e53e-f735-426a-abb5-ec94b549c28f	Roger Hinojo
0431c72f-f03d-41ce-b9e9-6b3c01b27db3	Roland Sallai
92c55b9e-5570-4e3d-b600-8e5279d86847	Roli Pereira de Sa
e142fb4d-308e-4a5b-b9af-f3144a3ab6d8	Romain Brégerie
1f96440b-372b-4397-afb8-b57f643be80f	Romain Esse
ecb0d324-9af9-4858-b454-26f4f4f678bf	Romain Faivre
6f24c6ae-5c08-4ccf-befe-7649f627c243	Romain Salin
51d90544-6106-421a-b159-6521198c01aa	Romain Thomas
a427ba5f-61be-4e7f-9d72-672d9b674dd5	Roman Dixon
0ee80243-7522-45cf-8fd5-578881b1ed29	Romano Floriani
29b61a6b-c1c3-4519-b7be-6c41215dc313	Romario Rösch
a27840ff-89f8-42d7-935c-dfff2db8e780	Romeo Sandrucci
2969ff93-df5c-479f-a30a-950fc1fb8bf0	Ronaldo Vieira
203b295d-7f59-437a-9bcf-0b7995f331c5	Ronaël Pierre-Gabriel
45e6dd31-98c8-4a40-83a3-596d9677e0d4	Roque Mesa
d5c01912-fae9-4eaa-b72e-7bbc966e2935	Rosen Bozhinov
9ce61687-f433-4046-8592-a99c3bf68708	Rouven Tarnutzer
0364cd10-b01c-4c77-bdff-63edd8dfc6f8	Royce Openda
9da6ac3a-9404-47c2-8285-4edcf3eb4ff9	Ruan
1ac560a6-1042-4fc8-8924-ee4e73cbf231	Ruan Levine
18337a7e-edca-4648-a6c8-9fc2b4c8a5c6	Ruan Tressoldi
939a306f-2c27-443e-978a-9a2756f79073	Ruben Lendinez
2fdfc0dc-641b-4af5-b0f5-089b8711a46c	Rubinho
77db2480-cba6-4acb-a5bd-0f7be57f3d1d	Rubén Blanco
d69da74e-0d60-497b-abe5-67e282bc15ac	Rubén Quintanilla
e96301b8-c387-4424-ab46-e5853eac0479	Rubén Yáñez
154a4edc-7048-4fec-9c77-3d5a8c6827a2	Rudy Kohon
0f75483f-2ce9-4a22-823a-8b7e439e502c	Rudy Matondo
691a50c4-9607-400e-96ce-56ff89fde37f	Ryan Allsop
748950ad-5d8f-4c9b-865a-3e2d4dafd5d4	Ryan Giles
2eb24483-1614-43e9-a47c-7c1babb8ac7a	Ryan One
30c35242-23bc-4855-b31f-1feb15c9f0e4	Ryan Rodin
d874775f-bf7b-409e-abe9-c1b4dd4dea45	Ryder Matos
b6f9b9ce-322f-45ed-a155-dd21be16b7bb	Ryunosuke Sato
1e4609f7-c6e0-4c84-ac3f-3b1be8fd8bb6	Régis Gurtner
c7e1d2db-02a9-441a-aaf9-d5453bb4a024	Rémi Himbert
d99845ff-aedb-4149-8212-376980d804c8	Rémy Dugimont
f314fd88-7c2d-4e4d-8694-f5f8bda4157a	Rémy Labeau Lascary
3e6c2271-0b65-4772-997e-ba7e6aa0983a	Rômulo
30936e12-716c-4922-8037-bb92f950a926	Rúben Vinagre
dd8f4538-36c7-4bac-be0f-3893086de042	Saad El Haddad
d1256661-0921-4dc9-b242-137b610c0fff	Sabit Abdulai
0f641f52-64eb-4e4f-a710-760d0962c932	Sada Thioub
9711dd98-c239-4511-a8d9-7677a0aaedbf	Sadibou Sané
c36ddb8e-0620-49dc-b1fc-a8606ea51cea	Sadik Fofana
aabbbf4e-ce9e-4893-8f45-a743b73ad929	Said El Mala
b8664e6e-f6f3-4cb1-ae1f-ed2610c048d7	Salim Ben Seghir
e598a3da-2dec-453b-a22f-664fd79c4416	Salim El Jebari
299b10a0-0645-4b21-90c7-dc0c3278f952	Salim Musah
9420e3ce-444e-4366-81f0-c88455f54982	Salva Sevilla
3eeb3642-e880-4e3c-b250-4214c2fa9c1e	Salvador Ferrer
b3121272-29ec-4ea8-bf93-bbb2aa0d03ef	Salvatore Dore
9461f59a-0f3e-40fd-8f22-c22bf2428e66	Salvatore Esposito
b3cf8c77-21e4-4fca-8084-7671ff0f32f8	Salvi
40bdf693-cce6-4e07-95ab-3f2899935733	Sam Beukema
ba88394a-5544-4028-af0d-192e21cf97de	Sam Curtis
9c458c15-e180-46aa-9aef-b6b763880420	Sam Field
2ab911f4-c194-4ede-b93e-559112315e5d	Sam Gallagher
c0b0d0ec-58ac-4f92-b47d-889004d6d3a0	Samba Konaté
48092542-00c4-4875-bfff-57fb773406a1	Sambou Soumano
0fcb9160-bb5d-4d31-a23b-e2a12dc37bb5	Sambou Yatabaré
32d7d015-b095-4970-87e7-63efcff05fde	Sami Ben Amar
d6825118-1474-4ed3-9f1b-4257ad6d20ff	Samir Chergui
778b6c52-3a2c-4591-a76f-e929a778208a	Samir Santos
135b32cc-7e9b-4449-ae85-27e7a0aecfef	Samu Becerra
4e50500b-b2d4-4a40-9e64-e6f086a210be	Samu Omorodion
640a7114-8e07-45a7-99e5-feebfae84912	Samu Pérez
11fe2d9f-fcbb-486b-ae7c-e953cd9c966e	Samu Rodríguez
9a2d558f-0c8a-44e9-8711-527f8acad338	Samuel Amo-Ameyaw
b19cb248-d4f9-4cae-a5c2-23ab7adddbc7	Samuel Bastien
b7693f89-794c-4225-9656-a57f95d553dc	Samuel Dahl
ce3f9949-52e9-4741-8925-5b4e1ed548f1	Samuel Koeberlé
92a0428d-419e-4fa2-b9cc-b13ce6ef2f28	Samuel Loric
ec8c3ebc-fc2a-456b-84f0-71b684a17186	Samuel Mbangula
1d3609c8-8abf-4136-8075-ca42c4ad98ec	Samuel Nibombé
d7b85f41-9dc7-4176-8e82-de1ca38431cc	Samuel Ntanda
d1a263c9-a597-49f6-b79a-f3ccb27f008b	Samuel Sáiz
37f5708f-e1b3-421e-882c-4bbaba7e39d0	Samuel Wiafe
60f12107-ba4d-46f0-bd77-21b74cf3bfcd	Samuele Angori
e7103b1d-ceb3-4a0f-b507-a9d773ac08a0	Samuele Birindelli
6c78312a-6579-4419-9401-d97bb2b0a157	Samuele Inácio
0cd61332-768b-42b2-9eb2-a33694cd8817	Samuele Regazzetti
9726443c-a80c-4cd9-8a62-6c7274412aff	Samúel Friðjónsson
de7bc450-1f0c-4897-8048-8cabf73085da	Sanasi Sy
2ec78997-db8b-4cf8-92d1-e39380605bc5	Sandro Sirigu
36157dac-20ee-47e5-9422-319de6cb7690	Sankhoun Diawara
60723d55-d547-4a3a-8667-17099cd5b0c3	Santiago Arzamendia
b3f650c2-ce07-4ee0-909e-c489bdfdef44	Santiago Colombatto
39b0d31e-c28d-4790-a85f-1260d504ccd8	Santiago Cáseres
64a7718b-5fe0-4eec-84d1-9d71c1a3f8d5	Santiago García
58c1c820-518f-4cf8-89ce-8a3baa9bb5b5	Santiago Hidalgo
8c543b5e-01a9-4774-8996-f597419e9f41	Santiago Mouriño
4728b287-ee93-4459-a47e-767d610fdcc5	Santiago Pierotti
607531a0-1ebf-4c2f-8887-b336565a9d01	Santy Ngom
eb1e0170-137e-4c3c-b358-c57ff92dfb72	Saná Fernandes
a940108b-9aab-4406-9766-c089c94ed6ad	Sargis Adamyan
b345058f-6d31-45d1-abea-7fe44ee2bab0	Sascha Britschgi
32cc7719-2a17-48d4-ae99-335a2a43f23c	Sava Cestic
bc0f275b-f8d2-473f-9b1c-d9218fd0ec34	Saîf-Eddine Khaoui
e0157bad-8d23-4039-b480-a5e5fe82e39f	Saïmon Bouabré
41db2cce-de89-4731-8b33-3c8cb8bb0e63	Saúl Ñíguez
10215658-f43d-4ac0-9388-edb25b33cc93	Scott Malone
1e63dd88-3fd6-4aae-8145-78030cf072f4	Sean Dulic
dc5cce16-c945-48df-ac8f-f4e3de0e24c5	Sebastian Otoa
a08f1603-d86c-4cff-b11f-f38daa77e410	Sebastian Soto
f577661b-1be5-41e3-9c99-aa4298bfffdb	Sebastian Vasiliadis
4fb8c896-780a-404f-b3cb-b51eae4eeb68	Sekou Yansané
cdf2182e-e7eb-4cb8-9c7c-598e40132168	Selton Sánchez
902d5210-acd5-473a-9f7b-07fefe58e10f	Semir Telalovic
116400c2-96bb-4a8a-9fb3-cb8bef8a0506	Semuel Pizzignacco
a5c9c985-819a-4a4c-b549-955ffc18c606	Seny Koumbassa
a8554474-4388-4f33-b12e-d42db6f58965	Serge N'Guessan
7d57c427-41e4-4f86-a1d3-468aac8b9895	Sergei Chernik
7a567721-2969-45bc-9d85-ac3a592a24bb	Sergej Grubac
d9f8a321-1925-4ef3-ab43-0cc5c99fa11c	Sergi Altimira
0633e8b1-80b5-4ed5-a115-9036ab592fa1	Sergi Cardona
a09c1084-79a6-429a-8ae1-3220a8625831	Sergi Dominguez
d48ad6b8-4d18-404c-a170-1b2057d74e22	Sergi García
cc938e02-0bd1-4a4e-82c9-75747245e7d0	Sergio Araujo
a3819ab5-a5d2-4cb3-8148-c42d23bb2bc1	Sergio Asenjo
e84b7836-68c9-4236-9d3c-430024ab0894	Sergio Benito
f3da396a-a19f-4660-a2b2-eb9834f6f46a	Sergio Bermejo
bb8733f9-b60f-4bd6-a4fc-587f0bc2c968	Sergio Camello
3725fdf7-88d3-4c5d-8a17-9d55869c6231	Sergio Carreira
213cec9d-6a45-4557-bb18-b76f7db36219	Sergio Cubero Ezcurra
4eec7dae-c3b8-4268-b518-ecb73c09eba2	Sergio Herrera
b6982522-cd6e-4b91-bc6e-74cc062cefbd	Sergio Mora
81e3fbf1-8ecc-438a-afd2-d039c2a0cdbe	Sergio Moreno
10236a17-6dad-4323-bd84-fdaeaf8b9048	Sergio Postigo
7064ad53-2848-4c2d-a580-7bc208d16814	Sergio Rodelas
142145f5-44ae-4005-ad06-18f9980f79f0	Sergio Ruiz
c3308f5b-a5a3-4f30-8844-c1d1c79762e8	Sergio Santos
5e3f7e99-fe90-449a-90eb-87aa9f08facf	Sergio Viera
c741bcad-0809-4eb7-84b4-2c02836915cd	Seybou Koita
62b71b26-8f3e-4370-a36d-4e0ddc7af7f9	Seydou Fini
65f2bb25-81bf-4e7a-92b9-99a3f82f692d	Seydou Sy
b6a5c985-9195-40d0-8a9a-5e1690daf625	Shafiq Nandja
82fee560-4088-42e9-8d29-316f7b5558df	Shani Tarashaj
73c3d754-99b4-4b77-9b01-426deb8447b7	Shawn Parker
c94816e8-0ac4-42d3-94a4-7acba900c35c	Shea Charles
25c0bdf8-aefd-4e77-b6ab-980b14cb2ecb	Shea Lacey
d69be654-ed36-483b-a97a-86011c08be79	Shiō Fukuda
72c53a5a-1229-40f2-b5f3-ed2c75a19199	Shumaira Mheuka
21b96a4e-9f24-4a10-827e-0988664b9285	Sidi Sané
26ef9e6c-ba6b-4e09-9ed9-40f549a51cce	Sidiki Cherif
7b4d0db1-c246-4c1a-878b-9185f9c3bc2c	Sidnei Tavares
bc63b7e7-eb4c-4e7e-8eec-3b7c05867d40	Sidney Raebiger
1031cd5e-425b-4e14-9194-84de063267fd	Siebe Van Der Heyden
5fc9b6b8-442d-47fa-983b-0ad1d89a1857	Silvi Clúa
1948088e-513e-446a-bf79-e9494191096f	Simeon Nwankwo
81aa5ccd-c53f-460d-9cac-95ea8ca5abe6	Simon Asta
c2ab05b8-2017-4a43-bfd7-28d739480404	Simon Ebonog
7906acb4-53dc-4f35-99b1-05d0d9ee1fae	Simon Elisor
fe980797-a5ac-4074-a90c-a750799b2896	Simon Falette
db0fd70a-0dc1-4e08-b15a-b46da670c7d0	Simon Ramet
cf0a3a96-941a-419a-b0b9-b2eda141e92c	Simon Rhein
296ee021-b0b7-495d-8955-d79ddf804c78	Simon Zoller
aa5f6fde-2a83-4530-8f50-f06455d29fb1	Simone Aresti
82c5f6b0-6b53-4275-937c-92e1ad0d3113	Simone Calvano
b126446e-b14c-44d5-94ca-e6cd7dfb901d	Simone Canestrelli
5ea8a57b-a043-4742-ab44-5308a6d58ebc	Simone Iacoponi
5402f702-f690-4298-a953-cfeaeb292562	Simone Lo Faso
c41d883c-1f44-46b6-9722-145eb5f2f515	Simone Lontani
e97e0e4c-7cba-49ae-a4d8-f9219eb8c2db	Simone Lottici Tessadri
8298871a-73c5-4ca9-98bb-346d17559da7	Simone Missiroli
f12cc1c5-71eb-4db5-be7d-661f40080209	Simone Muratore
9d9157a1-af73-473f-890a-0a8baf23a73e	Simone Palombi
492bd1fd-b740-484f-b83c-65599f5356e8	Simone Perilli
ec4b6cae-0ead-4d29-82c5-6e19c3301848	Simone Pinna
a40a66ea-ad40-4d26-bf9c-24994c7b718e	Simone Pontisso
766500da-96b3-4f3b-b606-0c51b5d13d27	Simone Romagnoli
24337f41-6793-4a21-a225-5fdc3836e65e	Simone Scaglia
61fe86c5-fa55-45ae-bc58-dc7a526a6cf8	Simone Trimboli
f7ac35db-510f-4500-ab33-10e55151ad5b	Simone Zanon
93d49b5d-aecc-4cd7-9196-3bc74c6900e6	Sinaly Diomande
a8a1dbc0-06f4-47a8-8d11-a5401ba4dc0b	Sinan Kurt
d517fdf3-f477-4bf5-9d8f-26c816fbd16b	Siriki Sanogo
457bc58c-e694-4366-b90b-eda63667dd6f	Siriné Doucouré
5015c3e9-5f81-4220-a40a-77106cc91d25	Skelly Alvero
2de5ee5f-1193-407e-a0af-f47256c02155	Sofian Kiyine
f58cc17a-85ed-4da9-b541-b5e2cd715d9f	Sofiane Alakouch
3b9e8d53-a9ea-47c9-a385-8e90147f2cbd	Sofiane Sidi Ali
c084bf2e-6a47-493f-a517-94be286e25c3	Soichiro Kozuki
543a8955-09f5-4373-96f1-7050e57ee3df	Soma Novothny
79763ce3-c730-48d0-8f65-9b955f4ed7bc	Sonny Aljofree
c8ae82d5-8799-49e8-ab2d-332a8121c484	Soriba Diaoune
0edeb751-e894-4a0f-9f1b-9214fb37d376	Sota Kawasaki
4a48497d-b0ef-46ba-aba8-d39801c18ea2	Souleymane Cissé
8cf5693e-ad22-4d71-bef0-3fe2044a10ff	Souleymane Touré
f306afb6-6d5c-40ab-ab68-20ccaf91e67d	Stanis Idumbo
f2367b2f-52a9-4b4c-b079-d7f3b00db448	Stanko Jurić
61af08e2-4a70-4f04-842b-42ea2698fb93	Stanley N'Soki
f2d1a7a7-164e-4a6e-a822-2ab2ae512306	Steeve Kango
01aa7a5b-17c1-4a0c-8c37-8f743c15197e	Steeve-Mike Ebongue
69823755-f079-4aec-b95b-7633b2ffd1b5	Stefan Bell
386e344c-bcbd-4cec-9a6b-5c713437ebac	Stefan Schimmer
b1353a78-6cc2-4cfd-a137-f375bd26d6df	Stefano Moreo
917700b4-9e47-4e9e-b303-9af06112e7a0	Stefano Pettinari
7f693015-f08f-4551-a8f1-dc6b18c7559d	Stefano Piccinini
94e07403-d73a-4a36-8f64-38316677b44b	Stefano Sabelli
002ba453-3fe6-4fb4-901c-a2010a610cf4	Stefanos Tzimas
c06ec28b-8d91-48ce-8e92-9ae1ab5aeb0d	Stephan Zagadou
33fbe006-6460-4af9-8123-be187527cf1b	Stephane Keller
598c9d0a-89dc-4246-8913-61bd29eaee9d	Stephen Kingsley
a50bd764-b6c9-4c5c-a250-e5d4cbac44a8	Steve Aldo One
7e6d30d2-9d49-4fe8-b687-b9085b2d3ee3	Steve Ngoura
774066ea-da35-43f4-9848-199d53c67f10	Steven Baseya
4e53df23-02eb-4738-b8df-2866ae65417f	Steven Shpendi
951d2a5c-d872-4537-a29e-8d16ccdcb49c	Stiven Plaza
b31cbed2-dd36-43ac-8682-2c1d5a4e9285	Stoichkov
7d048a5e-821b-492e-a334-abf4b5f2aae2	Streli Mamba
6739411a-e5d6-4f64-93fa-ae60aaf3f976	Stuart McKinstry
9c519b26-f72a-41c8-9f49-ed79de8bc478	Stéphane Diarra
d6a48f57-ebcd-49af-af88-ff0ae5c31370	Suf Podgoreanu
4a5f54fa-756b-4174-a203-a67698f3e1d5	Sullay Kaikai
a71eb9c9-01e1-48fe-9c49-b31b4d79dd66	Sven Müller
3ae916d9-661f-441b-9709-e69f6beae36b	Sydney van Hooijdonk
e14d3344-6bf2-42ed-af5c-bad38d25f723	Szymon Żurkowski
fb5e26fc-85f4-4ecb-87b4-d12c4ff46b37	Sébastien Cibois
910634a2-bfad-4c67-8749-ba3e7e669145	Sékou Doucoure
c6157b93-53ce-41ba-8898-098655c1d810	Sékou Fofana
ef6b6b22-e88b-4d4c-a24e-7dd6e23839c0	Sékou Gassama
01686d9f-addc-4cf8-ae26-dc06f3e40228	Sérigné Diop
5bc4f852-a6a9-4be9-8611-5c1551c58119	Tachi
a1de3837-3dd3-4317-b128-673ab12f6ba8	Tadjidine Mmadi
8a78c118-90f1-4a2a-b39e-20dd3dbd72a5	Taichi Hara
78d60137-14b6-4ca6-9ea9-5451559e5b0c	Tamás Nikitscher
21897077-80ec-4a11-b0a1-23c3f42c4ed7	Tanguy Zoukrou
a5a85541-fac9-43f2-babf-d00a9ec73f76	Tano Bonnín
603814fc-619a-4df9-a405-f68a201442f4	Tarik Muharemovic
f97777e2-5357-43b4-a130-afc593a55cf6	Tarsis Bonga
197071b1-c13c-4bc2-b181-62548c8113cd	Tatsuya Ito
cd4a82cf-1b62-4959-8997-e363fb5fefd9	Taufik Seidu
3e2ac0da-20f6-468e-9ba7-6d36732c0f9a	Tawanda Chirewa
c7a273a2-a0f2-49a7-a3f5-22771a7e87a8	Tay Abed
19ac4e2a-b1a4-4def-ad6a-586be04b8663	Taycan Etçibaşı
d116aca5-69ab-437f-8163-9d39f30a7728	Taylor Richards
9ef1ad0b-2226-4eff-8517-23a1c735302b	Taïryk Arconte
29a5f895-a37e-41c2-be9e-e10fa7ad1262	Teden Mengi
4cc9aa43-a9a0-40fb-81ff-da1f8cb5f23d	Telli Siwe
3a754cb7-e924-4a90-95cd-09336e062dbe	Terry Yegbe
7b69bc59-bfd3-4424-a13a-aee1b6685577	Tete Morente
661f2eca-7aea-45cf-bc39-2c882be8e1d9	Theo Bair
667013a9-3e2c-4cc8-a6e9-43b7c2e5fbde	Theo Corbeanu
08d3caa6-d9cd-4d77-b95a-a5a23c4c5431	Theo Valls
68804d4c-2797-4949-b559-3758a49c7ec5	Therence Koudou
d6a55d33-b5cd-485c-b3af-fbf6c048e918	Thiago Borbas
8ee15df6-8e16-47ca-9fb6-ae6f6f3c366b	Thiago Fernández
e624be11-9e9f-41d9-8415-f897c5351621	Thiago Galhardo
8cf1bee2-71e7-412b-b83c-9eafc260307f	Thiago Ojeda
5fc5acca-ec7d-4cea-b3be-9b03e10281da	Thiago Pinar
d3afadf3-eccd-4641-b9bc-e05f5809d5de	Thibault De Smet
5b9b1623-f921-4405-9e42-683c14dd3be1	Thibault Giresse
71dddc59-88bd-44fd-95f2-87efa7b38ea9	Thibault Klidje
bf6904d1-e8c4-40f9-b8ab-d7988999fb53	Thibault Tamas
4555e454-985d-48c7-bd45-b36af122603b	Thierno Barry
ecc758ea-069c-4a2d-ae98-4a002c6a59b6	Thierry Ambrose
27158da5-e338-40f6-ac0c-b840d7ad6ead	Thierry Tazemeta
c1aa06e7-9250-45a3-9f6c-85a22a7d42cb	Thomas Berenbruch
55b36eeb-14ed-4957-874a-627c99466d1c	Thomas Campaniello
73e6f18e-83d3-46e5-a542-a01674e6b21d	Thomas Carrique
2dad8255-81da-4be5-bb15-944f0392e5aa	Thomas Fontaine
699553a1-e867-46d4-a7de-e9e9de4b8047	Thomas Henry
8d7fbf8a-5926-40c2-acb9-89acf56df984	Thomas Kastanaras
4b1f0ab5-e08b-4c33-b27c-f91e600b89c4	Thomas Keller
26e33542-023a-4a04-b119-fe886d9162c0	Thomas Monconduit
c3f3ec2b-7091-4a86-9c04-61de0cd9fbdb	Thomás de Martis
3b1e7a24-e69b-474f-a04e-2e6bb37e17cc	Théo Chennahi
2a70ca27-65be-46cc-b914-76366d4ef561	Théo De Percin
93d11cfa-d9bf-472d-9859-60b3f4557208	Théo Guivarch
eb7e5366-e181-45d7-adcb-8c736dbeaceb	Théo Pellenard
d69d690f-e71e-4b9f-8666-42f13ebf14b3	Théo Trinker
3a90d5d3-e236-4015-89a7-3c54357562ec	Tiago Dantas
c0f97c8f-9ce9-4dcb-9f84-53a4457d182b	Tiago Djaló
16047c86-ccf9-4fbd-bffa-ad52fe308beb	Tiago Fonseca Morais
f1406fe3-2e76-4a4d-bd65-c6efb5e8a2d2	Tiago Gabriel
2bee3c06-edd2-41d3-ae3a-5f60a4534f73	Tiago Gouveia
c42ddaab-4011-4a05-8cd2-9b44586f9873	Tiago Ribeiro
dd320e68-6626-4ebf-8810-38095e0672f8	Tidiam Gomis
8aac7b05-4159-4953-a8c3-0c75caaf0713	Tidiane Devernois
eac69d2c-d2b1-444f-8466-ad0f3c37f54b	Tim Breithaupt
721295b5-b0f4-4aee-ae2f-197ccd7ff84d	Tim Civeja
ad2cc76d-5ded-4f3d-81b0-3ed1811aab48	Tim Dierßen
ed902b33-78b4-4267-b36e-9e59f1d71195	Tim Handwerker
7e5d8f65-b532-4963-8b10-07742fd56f6f	Tim Iroegbunam
76208b0d-98d5-49ba-b5a5-75ceaa26a793	Tim Oermann
d477fed8-d3dc-4c3f-a88a-b3fbb816b3ed	Tim Rieder
5e53beb5-75e8-429c-9479-78fef1d21c54	Tim Schnitzer
3c08b9fe-db11-4028-9203-84913fb595c0	Tim Siersleben
dccdb6dd-61de-4458-ba1c-10ff05daff56	Timo Letschert
b791e6b5-cbc6-49cd-a976-42c857b68dd6	Timo Stavitski
93cb8a7b-05c3-4870-8db9-dc9c021046e4	Timon Weiner
7d8ca34b-3bf5-4581-b30a-f2f95681dd3e	Timothy Tillman
d4acbba1-0eee-4864-a01d-9d2004a493f1	Timothée Nkada
5d5ffeb6-2a28-42e0-97af-392591db3a4b	Tino Livramento
82993296-eec9-4e29-acb6-3cf7d01efc7b	Tio Cipot
9e619f03-628a-42b4-b295-5320b47846d1	Tjaš Begić
ae8ea2a8-d19a-4255-8f29-a6d52c2acb9a	Tobias Badila
f0a33d45-ee39-4b68-bb9d-f0c7e62819ea	Tobias Mohr
0b2e8086-732c-422c-9da0-05ccfe30a4b1	Tobias Raschl
ddd36662-6aaa-45f5-8884-0b1dfe063cf0	Tobias Slotsager
df17687b-a9bf-4edd-a996-a533764eed1f	Tobias Strobl
63e56ead-cf20-450e-a084-1d38dc241cc9	Tobias Weigel
51d039db-a0b8-4fe1-8451-911924f771aa	Tochukwu Nnadi
0f19792b-3be6-4976-a56f-43bcd8b1ad92	Tolgay Arslan
f2f1c202-249d-49da-96b9-2c91e18a1f96	Tom Bischof
701bfc76-c551-4492-8f1e-484871e1c4bb	Tom Edozie
e83815e4-1db7-41df-88eb-55df8f1f2a27	Tom King
8cd057e3-ed3d-47cb-8792-de8237b749a7	Tom Krauß
e839a4ac-f5b7-407b-b65b-a795b657f829	Tom Negrel
37e76566-b234-4c79-aa55-c8d41a072805	Tom Pouilly
c419b8fb-e5da-4fbd-9c56-8922ba19bbde	Tom Wisbereit
d320dc2c-2a3f-4ae8-831b-f953eb153bcc	Tom Wooster
d1d6e468-d0b3-49b1-9171-b2cc4c41c880	Tomas Marques
9099f512-f5a2-4c78-bf2c-6472afcaa88b	Tomislav Gomelt
16487886-9889-42b4-9c17-84cd51433217	Tommaso Augello
fff1e531-c3f6-450d-8ff0-309f117ebe9f	Tommaso Barbieri
c45491a6-e15c-4b29-b015-6cbbf307ba18	Tommaso Berti
5a33ec00-d4ca-44ea-b9ef-a4e85253f863	Tommaso Cassandro
8759083c-59c7-4b5e-803d-2788a3a886c4	Tommaso Corazza
75f723eb-2aca-456d-a6ef-281541153982	Tommaso De Nipoti
2adcf866-03ec-4a74-bc5c-9ff451b9c04f	Tommaso Duca
05008447-8446-4115-a4a0-7753b751706e	Tommaso Gabellini
214d5467-aaad-491a-b3cf-836be09d4d60	Tommaso Macchioni
7498c8f7-bbd2-4691-b8fa-8b115b2e4854	Tommaso Marras
05646469-edb1-4864-b160-e6f175cb77f7	Tommaso Martinelli
fcbd5505-198d-434a-8ff9-c26c7ff3d304	Tommaso Milanese
a1d23a0d-adb2-43d2-803e-ec9705434c95	Tommaso Pobega
34e89265-43da-41b1-acbf-f7381a95bf6a	Tommaso Rubino
ff3af953-6558-4760-90b3-67b7d9bf9d47	Tomoya Ando
149950bc-c17b-4f12-8a62-a8a4e1d69237	Tomás Conechny
52ef8122-55ad-4c5c-a7b3-3f416e9c1eda	Tomás Esteves
ca726e79-8960-4f21-bd30-d23ba1a729c4	Tomás Mendes
72c58c0a-7cd3-4176-9429-58e2e222c6c1	Tomás Palacios
74d0f0b4-574c-4dde-a35c-ac65a8a624b7	Toni Fernández
f1787754-7941-4d5d-9205-a868c52447c3	Toni Leistner
777d2d51-709c-4d81-95ee-b098e9232127	Tony Jantschke
3d750730-0fc1-43d9-ba6e-0dc0801d027b	Tony Rölke
469de7b9-4bcc-409c-9816-0b662ed4daab	Tony Springett
13931c00-5031-416d-8337-92a6d9b03dfa	Tosin Aiyegun
46d33e43-7f50-4389-9257-372f3a79e2cf	Trent Koné-Doherty
7be60e93-feea-4cf8-b2d0-fb3659092556	Triantafyllos Pasaridīs
08825f3b-9271-4de8-95b3-eb869ed2fa2a	Trivante Stewart
9b27069d-a63d-4c12-b201-b3747706af1d	Trévis Dago
30be491d-2e1a-4a1a-86d1-081a9d981877	Tuomas Ollila
7dd210c5-d38e-4363-9990-9256ffd5c303	Tylel Tati
1d0df74d-8f8c-4fee-9db3-e7634df8725e	Tyler Dibling
80e8caba-250b-4af9-b8c2-328b59b76abd	Tyler Fredricson
72487bc4-4a5b-462b-9274-ed6474f0ba89	Tynan Thompson
7d2c6ba9-b222-48d5-b86c-109fea9b642a	Tyreke Johnson
ce8a0aff-f11f-4eb4-8d2b-b76ef5c7ed97	Tyrese Campbell
ca43e0b8-7ec9-4429-a5bc-9dcbde0ba66f	Tyrese Noubissié
3ca4d8e4-2e23-4476-8667-c13ff7299bbe	Tyron Tormin
4b8f950c-3ad5-46e2-a37d-c8715407fec8	Tyronne
13206721-e542-436b-ad41-10f23f7b075d	Téo Barisic
0f2a318f-ccb7-4be2-bcca-971e28acda28	Törles Knöll
97905149-3093-4696-bd97-30da30a984a8	Uche Henry Agbo
01bc22e9-5278-40d9-9717-9679e815e9f8	Uchenna Ogundu
e1165c94-1e6f-48a0-956d-c85ce3e1bfbf	Uffe Bech
09643ab5-c3aa-41a6-bce3-eb4ee2401d27	Ugo Lamare
d6a9f84e-00f8-451b-b0d3-0ba72606fe78	Ugo Raghouber
f265e77b-0e61-4549-8b02-9d651735ddb0	Unai Arietaleanizbeaskoa
520e6732-b9b5-43ad-8fbc-af29a0a316a9	Unai Dufur
96e825f5-658f-4226-bd31-2d3938e1d723	Unai López
c7df5ac0-b27e-438d-8e72-20edf1b3dbf3	Unai Núñez
a98d6940-89be-4468-8755-124b2e76c1d7	Unai Ropero
164f2e1d-d6cd-4feb-9665-86d328873093	Unai Sabroso
46ce1482-2e74-4443-8467-363530a9bb2e	Usman Simbakoli
da2b4a04-466a-4d28-ae39-0c0bda5c0a2f	Vahid Selimović
e3e961ad-5c3f-479e-b1f5-a8861f4aef1f	Valentin Gendrey
cf4835c2-e3d2-4a97-9d63-9471c8d3507a	Valentin Mihaila
7fc1422c-07bd-48c1-aa66-c7270284f639	Valentino Scotta
467229bb-d878-4b2f-a6fa-cf8122662e3c	Valentín Castellanos
232a1513-a118-4517-8dac-a2cc169bd98d	Valentín Pezzolesi
cfa81e06-f5f3-42a1-ba0c-87a101b8ca6d	Valery Fernández
5c73a052-ff0f-4fb2-b5d8-b24f4f72d3b1	Vanja Vlahović
4fc1c32e-a59d-4243-85d3-f027fab9ac5f	Vasco Regini
bf0eddef-d9e2-47ea-b68a-a11588af16db	Vasileios Pavlidis
8ae409ea-921e-4461-874a-f4eb155ddd17	Vasilije Adžić
0762b272-274e-478d-984d-f6125b5c2aec	Vasilije Janjicic
88269960-3102-4144-85b1-798655e38128	Vassilis Lambropoulos
c6904404-52d9-47fc-908b-5209e9525383	Veit Stange
f5136292-a8c7-407e-94e5-7c1c78a5f864	Velizar-Ilia Iliev
84083d14-cc54-4289-ac9f-eae003322ae2	Veljko Birmančević
e6866dcd-94d9-4458-855e-009ece3d6663	Vernon Masara
f159d49e-ef41-4f69-9c48-c66d3893b3e9	Victor Orakpo
78f26d59-c275-4ae6-bd53-abae28895a30	Victor Parada
52ed7f1a-1279-426b-b86a-7818ad675dcc	Victor Valdepeñas
5325fd95-2fdb-4a5a-9dc7-1c0a181897ed	Viery
c623a868-208f-4bf9-ae15-8771a94175c4	Viggo Gebel
26a3d0ee-085b-4141-8605-6b93b90b261b	Ville Koski
fe0a5835-02a7-4d3e-b8cc-3cff230ecd00	Vincent Bessat
5c5ebc81-5511-42f4-8a16-288964c82efc	Vincent Burlet
dbcb16da-ddfe-4144-bf9b-daa37f5fec97	Vincent Laurini
fdebae65-a2d0-4704-b512-537ce3189c81	Vincent Manceau
b16990b2-3c50-46d6-ac55-63a7538e988b	Vincent Nogueira
0a42fc64-c025-4e4d-9829-f1dcab282697	Vincent Sasso
18d92519-734e-4645-b75a-e2e83820cc06	Vincent Vermeij
c5526005-b20a-4d35-a029-34a2f6a9e3a1	Vincenzo Grifo
45391460-c79a-4a20-ac82-9615581cfc4e	Vincenzo Millico
ac32d1d1-8cb6-49c0-b25e-e9c18294973b	Virgile Pinson
0f24fd10-fc56-427e-83ea-3594019d91ef	Vital N'Simba
e680b44a-e83d-402c-b88f-62b656e7b57d	Viti
2566cbe0-d67f-4bba-b566-4cd533c5bb9a	Vladimir Golemić
d74e3a78-c7e5-4ea6-8438-69bbdd009907	Vladyslav Krapyvtsov
364fd9cb-681f-4576-b0e6-fbbfbfddebd8	Vladyslav Supriaha
42dc68f8-dde7-4fa9-a8e5-1d0008b2ef9a	Vlatko Stojanovski
2ce0064c-911b-41f9-9165-69bbb5e383fa	Víctor Barberá
d6d87760-f64e-4e90-836a-f39f62b846f1	Víctor Chust
85362bf1-6415-4117-b9d5-ce38b0dcdf2d	Víctor García
35d84cf1-081c-4ea9-8e67-8c023d47e56b	Víctor Laguardia
8a5d45c2-7660-4e0f-af78-a68bb8327e99	Víctor López
9ae502be-c678-4de5-b1da-41a04b8f4366	Víctor Meseguer
88ba6854-6d06-4862-bc80-32ebadd63a2d	Víctor Mingo
0f6b2226-5727-4ebe-8c6d-df11e7dc3ed0	Wael Mohya
8732e1ad-3864-4c91-81fd-5989fd634435	Wahid Faghir
5d22860e-33a1-48b4-998d-48226062ed1c	Wajdi Kechrida
a9c7f98a-2696-4af3-add1-f1d2df3665b3	Waldo Rubio
ac79368d-d135-470c-9b59-bfa42f321713	Walter Montoya
72e885b0-b8d0-4354-b984-c932a2da57c4	Waniss Taibi
8f028e67-5e0f-44dd-afb6-b80f5481b330	Warren Bondo
3371e2f2-dffd-4fb7-9810-334048f72c44	Wei Xiangxin
18db7f38-3d7d-4d74-90b4-4ede89e83f5d	Weligton Oliveira
4370a9e4-bea9-43ac-a756-07f49daa644d	Wesley Lautoa
c0cf0559-6903-4319-a394-84fd0282ceed	Wesley Moraes
ddccf37a-4064-424b-9646-146335430d20	Wesley Moustache
9c566451-279f-4987-9d20-ff6ff4c9d995	Wilfrid Kaptoum
b43b6651-7d08-4876-b5f0-d8d9ff4a67f3	Wilfried Moimbé
fb8ed03c-9a1f-4444-8575-5f3c5230c067	Wilfried Ndollo
2feedaf8-4908-4ec7-8c89-6e032efcddfa	Will Lankshear
f2ab8056-45b5-44df-9852-ff36acb592da	Willi Orban
bab3fb62-c374-46c5-935f-ad86ab9752c1	William Smallbone
830afb90-b1e4-4ccd-b63c-b6dff4ff14dd	Willy Kambwala
585ec12f-dd7a-465a-8929-8927d686b8bf	Wisdom Amey
811a7826-f16a-44a8-a12c-07c3c54f1884	Wisdom Mike
da675c9b-2fa5-4a7e-9c21-1140ae5ebbf7	Wouter Burger
755a6b98-e763-4d38-942c-a231501407de	Woyo Coulibaly
9e18454a-caa1-44b4-9362-a87040eb46fb	Wylan Cyprien
430a195c-b9be-42a6-9deb-da8301c569aa	Xabier Huarte Armendáriz
fa896832-f68b-4a29-bf76-901cbc525458	Xande Silva
287c9e2f-c4a9-4635-8fd1-230c28225533	Xavi Espart
4b7015b7-93b2-4cc4-b149-daf81a227811	Xavier Chavalerin
1a649c33-e80e-4ad0-9070-bfc9f68f9aa0	Xavier Moreno
2224de31-a92c-4661-be38-a9069da4f638	Xesc Regis
ca46c003-f5e4-404b-b6ec-5ab8c42cacc0	Ximo Navarro
0996e5d7-9aa8-482e-b9ff-a5cdadc00a06	Yacine Qasmi
22e75821-1685-42ea-a9ef-92652eaabe73	Yadaly Diaby
dba12574-59d1-4f2f-b070-0c3e1c7b8ae9	Yael Mouanga
716d2607-c8bb-4f24-9514-c159200674b7	Yael Nandjou
66bdf42e-96b5-4bdc-bc14-2f0ffc276cd5	Yael Trepy
b783c67e-f006-46ec-8ab7-e252ea213b55	Yago Santiago
12ef4fa0-dd71-4c07-9606-fb73b9508a80	Yan Brice Eteki
817aff68-c158-4e34-98fc-0f9437a356f8	Yan Couto
27de2935-4485-4af4-ba29-1e3bf2915dca	Yangel Herrera
5a0ae6b7-662e-4a1a-b52f-33f6554be88f	Yanis Benchaouch
fb646842-2e91-45ad-a26c-4cdd8dded299	Yanis Cimignani
5136b812-e28a-4b89-9566-7a54d3491c2b	Yanis Khafi
c5979449-a15e-437d-b8de-cc70cf67ddce	Yanis Lhery
711603db-3578-4a27-a27d-b46479e4c6f4	Yanis Massolin
c61bb773-7b04-4fb9-ab38-0611c8e605ee	Yanis Zouaoui
ae024415-890a-4ce7-b905-45b1a15ff5c0	Yann Jouffre
44e26753-749a-4853-ad58-83a40eaee61c	Yannick Bolasie
0c4f27b1-d648-49d6-bb6e-28ad03c4c606	Yannick Eduardo
da2bc68a-f801-4976-a9a9-a4054b444f57	Yannick Onohiol
d6b68cda-0aaa-413f-b477-0fed953ccfb0	Yannik Engelhardt
c104eb71-7972-41e8-98cd-bfd70335822a	Yannik Keitel
f6769912-9a20-447d-bd3c-e369cf558dc0	Yannik Lührs
a97187df-ed92-478a-a5e9-146b3d3ad2f1	Yannik Wagner
acac82f9-aaa5-4514-890e-ecb628326f85	Yannis Clementia
2e3a050e-2ba1-4147-be4d-a41bd21b0fb9	Yannis Mbemba
96611ab7-b56e-4275-85fd-05093d74b2fc	Yannis Salibur
c534c799-83fb-4c99-9971-6f11cfcbe4a2	Yaser Asprilla
8480385c-f3f9-4d38-88f2-b5bcffab3b8b	Yassin Belkhdim
23a1f438-b3dd-46c3-8c90-604c1607df49	Yassin Fekir
3898eb0c-66b6-4102-9156-01a8648aceec	Yassin Fortuné
9fe42b0a-ac1f-4c95-a4b5-0259204f51e1	Yassin Tallal
0e6e387d-c748-4d2a-b80c-dad647a54639	Yassine Benhattab
faa970cc-ff52-48e4-b85c-fdff1f5bf122	Yassine El Ghanassy
0bf3cf85-964f-4154-9787-b0fca6b1205c	Yassine Kechta
c4e35306-ed2b-426f-8feb-ec9141d88d04	Yaya Diémé
01a97e7d-3220-4c4b-909f-b66052dcc5cf	Yaya Kader Fofana
96f67728-f477-494c-8e6f-9ffd3987ed19	Yaya Soumaré
c52a9fe6-266f-4ea6-a91e-891cb43edffb	Yayah Kallon
84e7cd40-eff1-402e-bedd-6484d6bbf306	Yehor Yarmoliuk
0e999bd8-0d8b-420b-be3d-6d4a3e0e0713	Yeimar Mosquera
05a97044-7715-4844-9714-c321f4548bb6	Yellu Santiago
352e4b71-43cd-4f05-9f79-68ff7fc59157	Ylber Ramadani
5baf2801-4fb5-4598-9b22-bedd4bf84216	Yllan Okou
06b9eeee-ad98-41e1-8a60-56fcd0c03040	Yoan Cardinale
30799d02-2cb1-4917-bb1c-7835ec49fd3e	Yoane Wissa
87af4911-84a4-497b-bb65-949a590914c9	Yoann Andreu
dc392f6f-1c74-4979-af1f-7cc81242b118	Yoann Cissé
d8485cb8-e620-4376-bdba-48796ffb6ff8	Yoann Etienne
0bb3e90b-20fb-4a99-8224-3761be182090	Yoann Touzghar
10695aa6-4c87-4cae-b258-602619989faa	Yoel Lago
7074b469-ae48-44c1-9574-d4c3c63cd15d	Yohan Benalouane
6c43f39c-89fd-4e8f-b811-b313a23993dd	Yohann Rivière
371088a0-37fa-466e-9c3f-8800b9f5e6a1	Yoram Zague
5e9e3b34-6461-4097-ab55-a6399c3d0cd7	Yordan Osorio
d2735d47-0e04-436f-824e-3eb4d13b6664	Yoshinori Mutō
d4452ed7-e567-4e8b-a969-dc516fb9d952	Youba Diarra
11948db1-21ec-44e6-a5d9-d94586fabe26	Youcef Atal
04d7360d-a156-4515-aa81-10d46a23a43d	Younes Ebnoutalib
f413f7c1-4057-495b-bc55-e1cfe2208b2e	Younes Lachaab
cd183a35-ca72-4ef0-9207-018b684739a0	Younes Namli
b9a2da49-d28e-44dc-b250-7b50a83b0ce6	Youness Lachhab
3b42d2ae-8779-48b2-b094-289478714f6f	Younousse Sankharé
6f14d893-99ed-449e-b87d-ec47ec9e4020	Younès Belhanda
941e017d-8c06-4cf3-8924-12769f73e53b	Youssef Aït Bennasser
971bd943-4ff4-438e-81b9-6977032ca1d1	Youssef Chermiti
2489117a-34ae-4d66-a2cb-eed85f872850	Youssef El-Arabi
99f3fc1e-d7d3-4934-97c8-b1c9a834158e	Youssef En-Nesyri
e90b4fb6-a550-49dd-93bb-e1647b8fc9b7	Youssef Lekhedim
6b31a449-adc8-4ddb-a32c-d27932eaad8f	Youssef Maleh
241cd652-d619-4d31-bab2-69b349d9bd82	Youssouf Hadji
1578d774-92cc-43fe-b568-ad2bf7409724	Youssouf Koné
c6104f94-7ef8-4022-a801-1f42828acd27	Youssouf Ndayishimiye
f83aea07-ed43-4fce-b450-74fb8c6b82d2	Youssouf Sabaly
dbb2f690-85b1-457a-897d-3178a328c28e	Youssouph Badji
a28a8a4b-beab-41f2-8282-02ad25f055c9	Youssoupha Niang
ca76a1a0-a2e3-4392-a892-056bbd2b4a2d	Yrondu Musavu-King
bae5c154-ccdb-467a-a549-950b2c32adbc	Yuito Suzuki
9d2feaf8-1f65-42a2-ba82-2142b2a3f5a0	Yukhym Konoplya
9cb16fd5-a370-4c46-bde6-a1461f59d992	Yukinari Sugawara
4ec72deb-b80b-41b9-a183-40875d0ac057	Yun Il-lok
0d9b0279-1d68-4a3f-9f9c-918ba5dd1c04	Yunis Abdelhamid
1b17c7aa-27bb-42b4-9b00-d13869d1e05b	Yunus Emre Konak
0bb2ebdc-1b10-4b7d-b8ec-42ac13d5bec4	Yunus Mallı
e8545961-aba8-411d-bcbb-ffc16740da7a	Yussuf Poulsen
920e9eaf-d50b-4c1a-8f87-6c2f17ac2228	Yusuf Demir
0946ce6d-0ecd-4762-8e9e-d78e799221a2	Yusuf Kabadayı
fe7af03a-e5d0-4960-8361-21c9fc00741a	Yusuf Sari
89d006e9-bd1e-4d10-8245-dfee4babdf58	Yusuf Yazıcı
d2b13173-78f3-4f81-bffd-0e6e3c19843e	Yuya Kubo
7aac9e5c-e019-41fc-9c02-e43720aad36e	Yuya Osako
8de88e34-0ac3-436c-ad29-d6505ea32f88	Yvan Neyou
fa12d297-2fdb-4424-847e-90b9db081e73	Yvan Zaddy
22d56d4e-8128-47ed-bed9-170eca346a01	Yvandro Borges Sanches
8de3e67b-9a4f-4fe2-b538-d096b42674ab	Yvann Macon
8615e1eb-8d43-42d4-bf59-9c3012d3a3b5	Yves Bissouma
93cbe0cf-dcd7-4296-8e18-ff70051f9e1a	Yvon Mvogo
6f501219-a507-4231-8db3-9a4a18225bf8	Yıldırım Mert Çetin
5af16626-f54d-4750-8c39-e25011e2640f	Yūto Nagatomo
2ac371cd-a9b8-490e-b602-a73155f9ac20	Zach Abbott
273ad251-e65f-4f49-8466-dc1a096c6789	Zachary Athekame
72f3b995-3092-42db-aa06-83362e0bc668	Zack Nelson
89fffc4c-094e-4c6d-953f-0f0ab8fa492e	Zadok Yohanna
f2c0204e-3d1e-4248-b222-e35f0c3c93b6	Zaid Romero
7978a788-0bde-4a78-9bc7-299be2150675	Zain Silcott-Duberry
bf4e1a0b-4c31-4c99-971d-3a6b0d20083a	Zak Johnson
49b5d3de-673c-4a43-a6ab-03e54e8d53d7	Zane Albarus
bcc7e174-8af8-422b-84d7-4e79c9358b82	Zanos Savva
6e63ce99-9ad8-4f80-b943-6ff902f20438	Zargo Touré
b93615c5-0cec-4934-9f61-0bf2955ba2fb	Zavier Gozo
b53469e3-668e-4a9d-ae9c-236b85aa6e37	Zaydou Youssouf
4dd4d620-2a1c-4ae0-9564-7ac39a4dbf66	Zdravko Kuzmanović
9dd9ead7-e43f-4111-a3b4-628b7bc23a23	Zeki Amdouni
437da0dc-ad85-4a8a-ab15-0f093e76de49	Zeki Çelik
8d8f69b6-22c8-4933-a664-86eae8ed0d2a	Zento Uno
c2588d26-a230-48aa-99e9-58fa341b1276	Zidan Sertdemir
6fe461cd-8a91-4cc2-afcd-1d91409e870f	Zinedine Ferhat
749b6f73-83be-45ba-967e-4e520e59fb1c	Zinho Vanheusden
6654a9a3-23cb-40c7-94a0-2e6b628db6cf	Zinédine Ould Khaled
0b747c3c-954f-4d4d-b3b9-d587ae1a1d46	Zion Suzuki
cdc2c3dd-53d9-4e77-8077-b952ea89674a	Zito Luvumbo
b32e8551-8bd1-4dac-ac36-983753c90e03	Zlatko Junuzović
28c8e802-c3b7-4ddf-9776-bfd8a6bfca83	Zouhair Feddal
8298cbad-65e2-4cf2-895f-620197cb8e72	Zoumana Diallo
054ab100-e48f-47a0-808a-637d06f58b1e	Zuriko Davitashvili
1474937a-982e-47a1-9213-375bc17ce648	Zé Pedro Figueiredo
03c403ec-273f-424c-9f97-8993b3009708	Ádám Lang
32cdd192-cdc2-4a76-a958-165a55506b4c	Ádám Nagy
df581254-4055-4c99-8597-f99ac41fbc2b	Ádám Szalai
537b4169-3d57-42ab-8316-b5b8171f0d65	Álex Alegría
49f79fea-5104-46b5-8751-abd7b3c80541	Álex Berenguer
a082141b-ce6f-4614-be81-e3060c2f2dba	Álex Calatrava
0e8ffc78-0406-4df9-9c76-aabe19ff2991	Álex Cantero
361c40da-5871-499f-900c-3369e5ec227b	Álex Forés
3af620ab-2590-4882-aaec-97dbb6a8bfd7	Álex Gallar
61714e5d-de03-4fa0-9145-dcb40f3819a6	Álex Gálvez
47c97d07-a7b6-42e2-be5a-2d109856994f	Álex Martín
b2019812-f510-4b83-a5b1-bd4f354f66da	Álex Millán
4a22b32c-b1d1-44cb-9214-801129ed5c57	Álex Mula
73915f3b-1b6d-4aec-96bb-6e64dcf5ac64	Álex Muñoz
ed5e9c68-21e1-4be8-8285-c48cf9c69ca4	Álex Robles
dec763e0-7432-4004-adcd-76fc8b749fbc	Álex Sala
b256a40c-f4e7-4fa2-87c0-83f7ac802fc2	Álex Sancris
39a88c77-92e6-4bea-a862-d7e450709cb9	Álex Suárez
3d46e7c9-74b3-44b8-849b-270ea503bc5c	Álex Valle
fcb9fe1d-a1c1-42aa-81b2-aade9397281c	Álvaro Aceves
daed63c3-1498-4bbe-9835-06de467b31b8	Álvaro Aguado
9a055e87-b007-47b0-9d27-9d2ea7584bb2	Álvaro Aguirre
c08f8386-49db-4e99-9d19-0e2a88a45c67	Álvaro Arbeloa
56765d62-a63f-456a-a32a-3dad583b2fb4	Álvaro Bastida
84d1fa17-6b54-4ec5-862e-1cac92c3ea84	Álvaro Bravo
d29f2028-c79a-4873-9273-067e74252c63	Álvaro Carreras
0c177dd4-8bfa-4dae-aba1-edaa15a51215	Álvaro Cejudo
a4b6bdb1-e52a-4550-8a31-d49eae210856	Álvaro Fernández
5f343136-fc63-436f-8210-611867eae038	Álvaro Fidalgo
2997de61-3483-4b41-a4df-e0ac6ffa0909	Álvaro García
05c039a9-ff0e-44eb-b8fa-bac016d08ecf	Álvaro Giménez
2e7edff9-039f-4254-aa0c-824e59bce826	Álvaro González
b5438423-8f39-4271-946f-6f06d2764dcb	Álvaro Jiménez
25abdf35-6c85-4402-baee-810da8f5ba0d	Álvaro Leiva
f3840018-0f80-4794-ac7a-e5d8cfd24844	Álvaro Lemos
c5de2663-34ed-42c8-88cb-da27174fadab	Álvaro Medrán
34c1a44d-1552-43ed-915d-4883e779394b	Álvaro Morata
69f38ee2-32ac-4cbc-831e-e931e6a8f122	Álvaro Negredo
f4ed9a17-14cd-4bf7-80eb-0d59d8b520b0	Álvaro Núñez
95a1062f-197c-4f57-a2cf-7ea4d41da1a8	Álvaro Odriozola
b7e69817-ef0c-4d1f-b6aa-4938a2573847	Álvaro Pascual
51dac4ab-3eba-4d3e-bb49-662d476a65d1	Álvaro Rodríguez
0a4b1661-b569-48ca-aa8c-587e4d030b1b	Álvaro Tejero
0aaaa3a4-7616-444b-80b1-dcf50abab889	Álvaro Vadillo
317b53ec-6216-42a8-9a2f-077c7a9567a4	Álvaro Vallés
682f847a-868b-48d8-95f2-73b32339b3d9	Álvaro Vázquez
3889d181-c41c-4201-b21e-54db57a22b4c	Álvaro djaló
54520881-93dd-4245-8fc6-29746c74943e	Ángel
fbbac0d3-9abd-46fd-8b28-97edae783867	Ángel Alarcón
befbb356-5a1c-42a6-8fcc-20fd807929ad	Ángel Algobia
340531ca-2716-494e-9bad-e49b99237336	Ángel Correa
9168fa57-d28d-45bb-9631-a87168cf9ac3	Ángel Di María
9f509ffc-0912-461e-9db0-986c8669b495	Ángel Montoro
2c27f68b-954e-479c-b3cf-3885dcc7c41d	Ángel Ortíz
a84f4866-e40f-4a24-a64e-e8560f66bbf5	Ángel Pérez
7a902fc9-671f-4416-8451-213a223cf1ae	Ángel Rodríguez
12d95184-bcf0-4393-924c-83b913722dde	Ângelo
7d1f6b08-734e-449a-9985-c65dd47f002b	Änis Ben-Hatira
048cc05f-2395-4c23-a35c-8ed429ef0cc4	Çağlar Söyüncü
fec01679-37d8-4184-af60-2d19821c6c27	Éder
d41e1544-e006-41dd-9669-14f9127dd0ee	Éder
bce152de-b9f7-4162-8d80-9614848089b6	Éder Álvarez Balanta
c3986ffe-77e8-4830-9102-e9224c7b6687	Éderson Silva
3f87852b-15af-465a-b6ee-1d635cf49bff	Édgar Badía
c80b6a55-7d29-4de5-bd82-6c297b255bcb	Édgar Barreto
f17aad9a-a7b4-48bd-bc95-fa12ddc512e2	Édouard Mendy
77390e0f-13d4-490f-9da8-7e4cc75fed76	Ísak Jóhannesson
b68abb5d-ec19-452c-aaa5-85e0567de5b9	Óscar Clemente
e6f84516-059c-4d8a-9bcd-cb2a594d7aa0	Óscar Duarte
9123ff92-8c68-4254-97a7-940a96efce0a	Óscar Melendo
73e0bd5e-447f-49e6-91da-bef556159ed1	Óscar Perea
8b159c44-dd4e-484e-adc5-5ad3392a384c	Óscar Pinchi
6dee56d6-07e3-4797-b4d2-353a4ccebfb7	Óscar Rodríguez Arnaiz
3dfe1aa3-080c-4f91-87da-1b599cec12e8	Óscar Romero
683b13df-430c-49ec-93d1-80745bca87f2	Óscar Valentín
f931217b-9923-4256-8c44-bad5903ba398	Ömer Faruk Beyaz
94da4bd0-3460-4355-acbe-92ae60a1a6cd	Ömer Toprak
ce8982a7-588d-48e1-9929-2f6f532b2ef2	Ørjan Nyland
c73d1176-0e9a-422f-a16c-2a298ece059d	Ümit Akdag
b96a214d-75f1-4985-a8e6-c827e7709939	Þórir Jóhann Helgason
d0f66f42-28ab-4e6b-ba09-b2a88b35a40a	Ćazim Suljić
1e57892e-ca54-4f8f-ac44-c6c1da190147	Đorđe Petrović
25bce906-d19f-45d1-b13f-9e5da86a5e39	İsak Vural
1a7f1e9d-ee54-4fae-be68-734369a41882	İsmail Köybaşı
f24bbe55-f691-4950-ba39-aaa8c23078c2	Ľubomír Tupta
0c332a8d-9961-49cc-bd39-4a22ff22a675	Łukasz Fabiański
58193988-e75a-4932-bd3b-a17897f8d2b3	Łukasz Poręba
8f2c2388-00bd-40f6-b98a-f258cc95db6b	Łukasz Teodorczyk
7bb4545b-830f-4b7f-99a2-e2c144ee55af	Šime Vrsaljko
dcb5d204-733d-41f5-a4f6-ae653acb6aa2	Žan Celar
37c63819-376c-4204-8b23-7c23e7a0dc83	Žan Majer
d6dc54cc-6ab2-4146-9118-4fcaa56a7fca	Ștefan Radu
